text,label
餐廳晚餐：中環高級餐廳 153元,3
KTV唱歌：兩小時包廂 984元,3
家用品：洗衣粉 40元，青菜 69元,0
電影票：紅磡體育館門票 199元,3
水費：本月 837元,2
寬頻費：每月網絡 703元,2
的士費：從家到中環 317元,1
寬頻費：每月網絡 834元,2
便利店零食：橘子 50元，豬肉 28元,0
水費：本月 605元,2
KTV唱歌：兩小時包廂 776元,3
餐廳用餐：大麥克 13元，蛋撻 14元,4
酒吧飲料：奶茶 17元，可樂 34元,4
水費：本月 181元,2
水費：本月 152元,2
餐廳晚餐：尖沙咀高級餐廳 854元,3
快餐：炒飯套餐 917元,4
便利店零食：飲料 50元，豬肉 38元,0
寬頻費：每月網絡 33元,2
電影票：海洋公園門票 220元,3
茶餐廳早餐：牛扒 37元，意粉 34元,4
水電費：本月水費 877元,2
咖啡店：咖啡 915元,4
寬頻費：每月網絡 503元,2
咖啡店：可樂 639元,4
水費：本月 480元,2
電費單：空調使用 15元,2
演唱會門票：VIP座位 252元,3
家用品：橘子 28元，飲料 25元,0
餐廳晚餐：中環高級餐廳 751元,3
水果攤：薯片 44元，薯片 17元,0
停車費：商場停車場 118元,1
水電費：本月水費 462元,2
便利店零食：飲料 27元，飲料 25元,0
停車費：地下停車場 841元,1
茶餐廳早餐：炒飯 38元，蛋撻 96元,4
電費單：空調使用 420元,2
餐廳用餐：意粉 21元，意粉 10元,4
快餐：炒飯套餐 506元,4
煤氣費：煮飯用氣 249元,2
茶餐廳早餐：蛋撻 41元，炒飯 70元,4
KTV唱歌：兩小時包廂 778元,3
停車費：地下停車場 279元,1
巴士票：家到九龍 390元,1
超市購物：蘋果 13元，飲料 29元,0
地鐵票：尖沙咀到中環 109元,1
快餐：炒飯套餐 249元,4
演唱會門票：海洋公園 127元,3
水果攤：牙膏 11元，飲料 26元,0
水費：本月 849元,2
煤氣費：煮飯用氣 526元,2
停車費：地下停車場 12元,1
快餐：炒飯套餐 729元,4
水費：本月 971元,2
的士費：從九龍到公司 854元,1
KTV唱歌：兩小時包廂 736元,3
停車費：商場停車場 102元,1
水費：本月 877元,2
巴士票：家到尖沙咀 88元,1
電影票：UA戲院門票 750元,3
菜市場買菜：橘子 7元，洗衣粉 76元,0
演唱會門票：海洋公園 546元,3
咖啡店：奶茶 1000元,4
巴士票：中環到尖沙咀 619元,1
水費：本月 908元,2
菜市場買菜：牙膏 6元，橘子 60元,0
電影票：UA戲院門票 635元,3
餐廳用餐：炒飯 13元，炒飯 48元,4
停車費：地下停車場 975元,1
電影票：UA戲院門票 395元,3
超市購物：青菜 7元，橘子 20元,0
快餐：大麥克套餐 887元,4
酒吧飲料：咖啡 31元，啤酒 34元,4
巴士票：中環到九龍 74元,1
餐廳用餐：大麥克 32元，蛋撻 67元,4
餐廳晚餐：中環高級餐廳 814元,3
酒吧飲料：奶茶 41元，可樂 18元,4
便利店零食：飲料 17元，蘋果 76元,0
停車費：地下停車場 251元,1
巴士票：公司到中環 171元,1
水果攤：蘋果 32元，香蕉 37元,0
電影票：VIP座位門票 686元,3
餐廳用餐：大麥克 37元，大麥克 13元,4
KTV唱歌：兩小時包廂 660元,3
酒吧飲料：可樂 41元，可樂 65元,4
寬頻費：每月網絡 944元,2
的士費：從家到中環 678元,1
水果攤：橘子 22元，薯片 80元,0
餐廳晚餐：中環高級餐廳 119元,3
水費：本月 819元,2
電費單：空調使用 483元,2
停車費：商場停車場 704元,1
便利店零食：橘子 27元，豬肉 54元,0
咖啡店：奶茶 284元,4
KTV唱歌：兩小時包廂 131元,3
餐廳晚餐：尖沙咀高級餐廳 646元,3
寬頻費：每月網絡 861元,2
電影票：紅磡體育館門票 602元,3
酒吧飲料：啤酒 22元，可樂 12元,4
餐廳用餐：大麥克 17元，牛扒 28元,4
水電費：本月水費 342元,2
的士費：從中環到九龍 610元,1
茶餐廳早餐：意粉 42元，牛扒 63元,4
演唱會門票：VIP座位 297元,3
超市購物：橘子 23元，牙膏 86元,0
KTV唱歌：兩小時包廂 866元,3
超市購物：橘子 32元，橘子 28元,0
餐廳用餐：大麥克 27元，牛扒 20元,4
水電費：本月水費 817元,2
咖啡店：啤酒 661元,4
的士費：從家到公司 197元,1
停車費：地下停車場 336元,1
餐廳用餐：牛扒 36元，大麥克 33元,4
電影票：海洋公園門票 481元,3
餐廳用餐：意粉 47元，牛扒 67元,4
超市購物：香蕉 13元，牙膏 88元,0
演唱會門票：紅磡體育館 887元,3
停車費：地下停車場 756元,1
茶餐廳早餐：意粉 10元，蛋撻 57元,4
便利店零食：薯片 14元，蘋果 52元,0
咖啡店：啤酒 364元,4
電影票：VIP座位門票 495元,3
電費單：空調使用 390元,2
便利店零食：牛奶 10元，蘋果 34元,0
巴士票：家到九龍 91元,1
超市購物：蘋果 32元，蘋果 82元,0
餐廳晚餐：尖沙咀高級餐廳 840元,3
的士費：從中環到家 688元,1
的士費：從尖沙咀到中環 552元,1
的士費：從公司到公司 564元,1
餐廳晚餐：尖沙咀高級餐廳 28元,3
演唱會門票：UA戲院 485元,3
超市購物：薯片 21元，豬肉 15元,0
家用品：牛奶 25元，豬肉 67元,0
餐廳晚餐：尖沙咀高級餐廳 505元,3
的士費：從尖沙咀到公司 485元,1
餐廳用餐：牛扒 23元，意粉 88元,4
便利店零食：牙膏 45元，牙膏 82元,0
快餐：大麥克套餐 504元,4
KTV唱歌：兩小時包廂 466元,3
演唱會門票：VIP座位 353元,3
快餐：炒飯套餐 496元,4
餐廳晚餐：中環高級餐廳 280元,3
菜市場買菜：牙膏 27元，橘子 98元,0
電影票：海洋公園門票 904元,3
便利店零食：橘子 24元，薯片 19元,0
電影票：VIP座位門票 432元,3
菜市場買菜：蘋果 20元，橘子 72元,0
酒吧飲料：咖啡 50元，啤酒 73元,4
電費單：空調使用 593元,2
寬頻費：每月網絡 260元,2
地鐵票：尖沙咀到九龍 442元,1
煤氣費：煮飯用氣 406元,2
停車費：商場停車場 895元,1
電費單：空調使用 224元,2
的士費：從中環到家 223元,1
快餐：蛋撻套餐 232元,4
巴士票：家到九龍 725元,1
酒吧飲料：咖啡 42元，可樂 61元,4
巴士票：中環到中環 216元,1
電費單：空調使用 157元,2
的士費：從九龍到家 770元,1
便利店零食：薯片 11元，飲料 23元,0
家用品：薯片 38元，蘋果 73元,0
電費單：空調使用 15元,2
電費單：空調使用 765元,2
酒吧飲料：咖啡 24元，可樂 53元,4
水電費：本月水費 942元,2
家用品：豬肉 25元，牛奶 44元,0
水果攤：牛奶 8元，牛奶 78元,0
快餐：大麥克套餐 342元,4
快餐：蛋撻套餐 655元,4
水果攤：豬肉 17元，薯片 82元,0
便利店零食：洗衣粉 8元，薯片 35元,0
酒吧飲料：可樂 47元，可樂 50元,4
快餐：炒飯套餐 676元,4
菜市場買菜：香蕉 17元，青菜 35元,0
的士費：從中環到家 681元,1
演唱會門票：UA戲院 665元,3
寬頻費：每月網絡 730元,2
餐廳晚餐：尖沙咀高級餐廳 105元,3
水果攤：薯片 47元，牙膏 32元,0
咖啡店：啤酒 14元,4
水費：本月 933元,2
KTV唱歌：兩小時包廂 627元,3
KTV唱歌：兩小時包廂 782元,3
停車費：商場停車場 413元,1
便利店零食：豬肉 31元，牙膏 44元,0
地鐵票：家到中環 515元,1
水果攤：蘋果 29元，牛奶 13元,0
茶餐廳早餐：蛋撻 25元，牛扒 15元,4
酒吧飲料：咖啡 15元，啤酒 38元,4
煤氣費：煮飯用氣 868元,2
煤氣費：煮飯用氣 820元,2
水費：本月 213元,2
便利店零食：蘋果 11元，薯片 57元,0
KTV唱歌：兩小時包廂 459元,3
餐廳晚餐：尖沙咀高級餐廳 357元,3
煤氣費：煮飯用氣 923元,2
餐廳用餐：牛扒 14元，蛋撻 78元,4
茶餐廳早餐：意粉 24元，意粉 52元,4
演唱會門票：VIP座位 266元,3
煤氣費：煮飯用氣 688元,2
家用品：蘋果 5元，青菜 78元,0
超市購物：洗衣粉 50元，洗衣粉 55元,0
家用品：牙膏 24元，香蕉 31元,0
水電費：本月水費 989元,2
咖啡店：啤酒 205元,4
菜市場買菜：豬肉 9元，薯片 68元,0
煤氣費：煮飯用氣 151元,2
電費單：空調使用 155元,2
演唱會門票：UA戲院 101元,3
酒吧飲料：可樂 34元，奶茶 61元,4
電費單：空調使用 165元,2
的士費：從家到中環 62元,1
便利店零食：薯片 23元，飲料 62元,0
的士費：從尖沙咀到九龍 470元,1
菜市場買菜：蘋果 31元，蘋果 65元,0
餐廳用餐：牛扒 9元，牛扒 46元,4
演唱會門票：VIP座位 264元,3
菜市場買菜：洗衣粉 48元，洗衣粉 26元,0
家用品：香蕉 9元，飲料 52元,0
酒吧飲料：咖啡 8元，咖啡 17元,4
餐廳晚餐：尖沙咀高級餐廳 400元,3
便利店零食：青菜 38元，豬肉 43元,0
寬頻費：每月網絡 133元,2
酒吧飲料：可樂 13元，可樂 37元,4
菜市場買菜：牙膏 5元，蘋果 61元,0
水費：本月 355元,2
水費：本月 625元,2
KTV唱歌：兩小時包廂 561元,3
快餐：牛扒套餐 158元,4
KTV唱歌：兩小時包廂 228元,3
水費：本月 460元,2
KTV唱歌：兩小時包廂 79元,3
演唱會門票：海洋公園 927元,3
KTV唱歌：兩小時包廂 418元,3
地鐵票：公司到尖沙咀 177元,1
演唱會門票：海洋公園 623元,3
地鐵票：家到尖沙咀 831元,1
茶餐廳早餐：炒飯 6元，牛扒 38元,4
電費單：空調使用 724元,2
茶餐廳早餐：牛扒 23元，牛扒 47元,4
快餐：蛋撻套餐 975元,4
停車費：地下停車場 920元,1
咖啡店：咖啡 489元,4
煤氣費：煮飯用氣 615元,2
菜市場買菜：青菜 33元，蘋果 20元,0
KTV唱歌：兩小時包廂 476元,3
演唱會門票：VIP座位 237元,3
茶餐廳早餐：牛扒 19元，大麥克 69元,4
電費單：空調使用 856元,2
的士費：從家到九龍 462元,1
巴士票：尖沙咀到尖沙咀 663元,1
水費：本月 69元,2
電費單：空調使用 664元,2
家用品：香蕉 10元，香蕉 77元,0
快餐：炒飯套餐 251元,4
電費單：空調使用 13元,2
的士費：從尖沙咀到中環 571元,1
演唱會門票：海洋公園 256元,3
快餐：牛扒套餐 692元,4
酒吧飲料：奶茶 17元，可樂 71元,4
菜市場買菜：橘子 20元，橘子 61元,0
水果攤：牛奶 44元，蘋果 40元,0
菜市場買菜：牙膏 29元，薯片 67元,0
KTV唱歌：兩小時包廂 252元,3
家用品：薯片 29元，橘子 43元,0
菜市場買菜：青菜 37元，飲料 14元,0
水費：本月 547元,2
茶餐廳早餐：大麥克 49元，炒飯 15元,4
停車費：地下停車場 496元,1
便利店零食：薯片 36元，香蕉 32元,0
電影票：紅磡體育館門票 230元,3
菜市場買菜：香蕉 5元，蘋果 53元,0
家用品：牙膏 26元，牛奶 100元,0
水費：本月 989元,2
地鐵票：家到九龍 292元,1
電影票：VIP座位門票 143元,3
KTV唱歌：兩小時包廂 923元,3
水果攤：橘子 49元，洗衣粉 17元,0
電影票：VIP座位門票 299元,3
咖啡店：啤酒 609元,4
菜市場買菜：飲料 15元，薯片 22元,0
菜市場買菜：蘋果 30元，牙膏 23元,0
巴士票：家到公司 224元,1
水費：本月 690元,2
便利店零食：橘子 19元，豬肉 54元,0
演唱會門票：海洋公園 115元,3
寬頻費：每月網絡 961元,2
煤氣費：煮飯用氣 747元,2
KTV唱歌：兩小時包廂 315元,3
電影票：UA戲院門票 22元,3
KTV唱歌：兩小時包廂 316元,3
水果攤：橘子 5元，薯片 65元,0
餐廳用餐：意粉 23元，炒飯 70元,4
快餐：牛扒套餐 165元,4
家用品：橘子 32元，香蕉 99元,0
寬頻費：每月網絡 766元,2
餐廳用餐：大麥克 40元，意粉 73元,4
地鐵票：家到家 785元,1
的士費：從公司到中環 989元,1
KTV唱歌：兩小時包廂 912元,3
演唱會門票：紅磡體育館 510元,3
停車費：地下停車場 560元,1
地鐵票：公司到九龍 411元,1
咖啡店：可樂 599元,4
巴士票：中環到家 196元,1
水果攤：橘子 15元，青菜 45元,0
茶餐廳早餐：意粉 20元，蛋撻 46元,4
水果攤：蘋果 13元，牙膏 82元,0
餐廳用餐：大麥克 14元，意粉 99元,4
寬頻費：每月網絡 970元,2
地鐵票：家到九龍 594元,1
的士費：從家到中環 139元,1
電影票：VIP座位門票 913元,3
巴士票：公司到家 803元,1
餐廳晚餐：中環高級餐廳 418元,3
咖啡店：啤酒 927元,4
餐廳晚餐：中環高級餐廳 58元,3
咖啡店：可樂 550元,4
地鐵票：中環到中環 355元,1
地鐵票：中環到家 11元,1
水費：本月 947元,2
茶餐廳早餐：蛋撻 12元，蛋撻 44元,4
的士費：從家到尖沙咀 17元,1
巴士票：公司到中環 667元,1
停車費：地下停車場 251元,1
水果攤：飲料 36元，薯片 86元,0
KTV唱歌：兩小時包廂 961元,3
巴士票：九龍到公司 580元,1
停車費：商場停車場 257元,1
寬頻費：每月網絡 244元,2
電費單：空調使用 477元,2
水費：本月 69元,2
快餐：大麥克套餐 245元,4
巴士票：中環到家 144元,1
水費：本月 188元,2
停車費：地下停車場 445元,1
餐廳用餐：蛋撻 41元，炒飯 34元,4
超市購物：飲料 48元，蘋果 98元,0
地鐵票：公司到九龍 895元,1
水果攤：牛奶 43元，飲料 39元,0
菜市場買菜：洗衣粉 19元，牙膏 76元,0
家用品：薯片 42元，豬肉 61元,0
電費單：空調使用 634元,2
家用品：牙膏 25元，飲料 100元,0
寬頻費：每月網絡 378元,2
咖啡店：咖啡 64元,4
地鐵票：尖沙咀到公司 472元,1
水果攤：香蕉 29元，青菜 84元,0
巴士票：中環到九龍 34元,1
快餐：炒飯套餐 961元,4
便利店零食：飲料 47元，香蕉 87元,0
家用品：蘋果 18元，牛奶 87元,0
酒吧飲料：可樂 14元，可樂 54元,4
演唱會門票：紅磡體育館 428元,3
超市購物：豬肉 31元，薯片 76元,0
超市購物：洗衣粉 43元，豬肉 67元,0
水果攤：青菜 12元，洗衣粉 52元,0
水費：本月 16元,2
KTV唱歌：兩小時包廂 238元,3
演唱會門票：UA戲院 836元,3
電影票：VIP座位門票 581元,3
停車費：商場停車場 137元,1
巴士票：尖沙咀到家 163元,1
電費單：空調使用 88元,2
水果攤：牙膏 33元，青菜 99元,0
演唱會門票：VIP座位 199元,3
水電費：本月水費 84元,2
寬頻費：每月網絡 232元,2
超市購物：豬肉 39元，牙膏 70元,0
水電費：本月水費 405元,2
KTV唱歌：兩小時包廂 791元,3
地鐵票：九龍到九龍 685元,1
家用品：薯片 33元，牙膏 53元,0
菜市場買菜：橘子 50元，飲料 34元,0
電影票：海洋公園門票 317元,3
超市購物：洗衣粉 5元，洗衣粉 94元,0
水電費：本月水費 839元,2
快餐：大麥克套餐 200元,4
酒吧飲料：啤酒 6元，咖啡 87元,4
的士費：從家到中環 56元,1
的士費：從家到家 115元,1
KTV唱歌：兩小時包廂 312元,3
地鐵票：中環到公司 604元,1
家用品：香蕉 35元，青菜 49元,0
水果攤：飲料 5元，香蕉 80元,0
地鐵票：尖沙咀到公司 167元,1
酒吧飲料：可樂 24元，奶茶 92元,4
超市購物：牛奶 5元，薯片 27元,0
寬頻費：每月網絡 792元,2
水費：本月 766元,2
巴士票：九龍到九龍 770元,1
寬頻費：每月網絡 643元,2
的士費：從公司到中環 89元,1
巴士票：尖沙咀到公司 500元,1
煤氣費：煮飯用氣 529元,2
水費：本月 871元,2
停車費：地下停車場 680元,1
KTV唱歌：兩小時包廂 847元,3
電費單：空調使用 766元,2
茶餐廳早餐：蛋撻 22元，大麥克 23元,4
快餐：牛扒套餐 540元,4
煤氣費：煮飯用氣 852元,2
寬頻費：每月網絡 203元,2
的士費：從九龍到公司 85元,1
酒吧飲料：咖啡 38元，奶茶 50元,4
家用品：洗衣粉 39元，豬肉 38元,0
超市購物：蘋果 11元，香蕉 58元,0
KTV唱歌：兩小時包廂 548元,3
停車費：地下停車場 796元,1
電影票：海洋公園門票 239元,3
水電費：本月水費 699元,2
便利店零食：橘子 50元，青菜 85元,0
水電費：本月水費 376元,2
餐廳用餐：大麥克 41元，大麥克 95元,4
巴士票：尖沙咀到中環 345元,1
餐廳晚餐：尖沙咀高級餐廳 264元,3
酒吧飲料：奶茶 49元，奶茶 54元,4
餐廳晚餐：中環高級餐廳 117元,3
茶餐廳早餐：炒飯 41元，蛋撻 67元,4
酒吧飲料：可樂 32元，啤酒 76元,4
地鐵票：尖沙咀到中環 16元,1
酒吧飲料：咖啡 7元，咖啡 59元,4
停車費：商場停車場 815元,1
咖啡店：咖啡 248元,4
地鐵票：中環到中環 880元,1
的士費：從尖沙咀到公司 292元,1
的士費：從中環到公司 840元,1
寬頻費：每月網絡 858元,2
演唱會門票：海洋公園 434元,3
水電費：本月水費 736元,2
菜市場買菜：香蕉 11元，薯片 77元,0
地鐵票：中環到中環 840元,1
電費單：空調使用 167元,2
超市購物：牙膏 8元，蘋果 61元,0
水費：本月 530元,2
餐廳用餐：牛扒 7元，蛋撻 83元,4
水電費：本月水費 542元,2
的士費：從九龍到家 664元,1
咖啡店：可樂 385元,4
快餐：蛋撻套餐 411元,4
餐廳晚餐：尖沙咀高級餐廳 321元,3
停車費：商場停車場 746元,1
煤氣費：煮飯用氣 512元,2
地鐵票：九龍到九龍 193元,1
快餐：蛋撻套餐 271元,4
超市購物：豬肉 38元，豬肉 25元,0
咖啡店：奶茶 820元,4
電影票：海洋公園門票 13元,3
電費單：空調使用 39元,2
咖啡店：可樂 561元,4
水電費：本月水費 496元,2
巴士票：中環到公司 929元,1
超市購物：洗衣粉 23元，牙膏 31元,0
地鐵票：公司到尖沙咀 474元,1
餐廳用餐：牛扒 13元，蛋撻 86元,4
餐廳用餐：炒飯 20元，牛扒 13元,4
便利店零食：青菜 48元，豬肉 76元,0
地鐵票：公司到中環 862元,1
水費：本月 37元,2
KTV唱歌：兩小時包廂 582元,3
KTV唱歌：兩小時包廂 566元,3
快餐：意粉套餐 191元,4
快餐：牛扒套餐 45元,4
菜市場買菜：橘子 24元，橘子 23元,0
電影票：UA戲院門票 390元,3
KTV唱歌：兩小時包廂 274元,3
水果攤：香蕉 43元，牙膏 99元,0
電費單：空調使用 993元,2
電影票：VIP座位門票 428元,3
餐廳晚餐：尖沙咀高級餐廳 516元,3
餐廳晚餐：尖沙咀高級餐廳 89元,3
水電費：本月水費 942元,2
水費：本月 105元,2
水電費：本月水費 300元,2
菜市場買菜：青菜 39元，牙膏 88元,0
茶餐廳早餐：蛋撻 18元，大麥克 59元,4
地鐵票：九龍到中環 670元,1
水電費：本月水費 440元,2
菜市場買菜：薯片 38元，青菜 70元,0
地鐵票：九龍到九龍 331元,1
停車費：地下停車場 355元,1
的士費：從家到尖沙咀 348元,1
寬頻費：每月網絡 166元,2
停車費：地下停車場 939元,1
地鐵票：尖沙咀到中環 747元,1
巴士票：九龍到九龍 808元,1
電影票：VIP座位門票 243元,3
水費：本月 200元,2
KTV唱歌：兩小時包廂 134元,3
酒吧飲料：奶茶 11元，可樂 78元,4
餐廳晚餐：中環高級餐廳 948元,3
地鐵票：中環到九龍 391元,1
茶餐廳早餐：牛扒 26元，牛扒 11元,4
水費：本月 102元,2
酒吧飲料：啤酒 42元，咖啡 81元,4
停車費：商場停車場 176元,1
水電費：本月水費 199元,2
咖啡店：咖啡 480元,4
咖啡店：可樂 110元,4
茶餐廳早餐：炒飯 46元，大麥克 13元,4
電費單：空調使用 828元,2
停車費：商場停車場 717元,1
演唱會門票：海洋公園 47元,3
煤氣費：煮飯用氣 59元,2
演唱會門票：VIP座位 992元,3
茶餐廳早餐：蛋撻 26元，炒飯 86元,4
KTV唱歌：兩小時包廂 734元,3
超市購物：橘子 25元，牙膏 10元,0
酒吧飲料：咖啡 50元，可樂 97元,4
KTV唱歌：兩小時包廂 355元,3
超市購物：薯片 42元，橘子 58元,0
電費單：空調使用 969元,2
電影票：紅磡體育館門票 953元,3
餐廳用餐：牛扒 44元，炒飯 64元,4
電影票：UA戲院門票 501元,3
菜市場買菜：橘子 39元，牛奶 65元,0
餐廳晚餐：中環高級餐廳 665元,3
餐廳晚餐：尖沙咀高級餐廳 846元,3
餐廳晚餐：中環高級餐廳 994元,3
水電費：本月水費 389元,2
超市購物：牛奶 42元，洗衣粉 35元,0
巴士票：九龍到尖沙咀 21元,1
電影票：VIP座位門票 143元,3
餐廳用餐：大麥克 29元，大麥克 76元,4
水果攤：牙膏 35元，薯片 63元,0
巴士票：公司到尖沙咀 838元,1
演唱會門票：紅磡體育館 279元,3
水果攤：薯片 10元，蘋果 53元,0
菜市場買菜：橘子 13元，牙膏 84元,0
煤氣費：煮飯用氣 872元,2
茶餐廳早餐：蛋撻 34元，牛扒 11元,4
巴士票：中環到家 599元,1
水費：本月 118元,2
茶餐廳早餐：意粉 40元，意粉 68元,4
電影票：海洋公園門票 911元,3
演唱會門票：VIP座位 535元,3
快餐：蛋撻套餐 863元,4
水電費：本月水費 189元,2
家用品：橘子 6元，青菜 45元,0
水電費：本月水費 986元,2
KTV唱歌：兩小時包廂 448元,3
電影票：UA戲院門票 490元,3
寬頻費：每月網絡 188元,2
茶餐廳早餐：意粉 19元，炒飯 69元,4
煤氣費：煮飯用氣 420元,2
餐廳用餐：蛋撻 48元，大麥克 39元,4
巴士票：家到尖沙咀 345元,1
便利店零食：豬肉 48元，牛奶 13元,0
餐廳晚餐：尖沙咀高級餐廳 138元,3
便利店零食：薯片 8元，牛奶 38元,0
水電費：本月水費 816元,2
KTV唱歌：兩小時包廂 826元,3
的士費：從中環到九龍 756元,1
停車費：商場停車場 696元,1
演唱會門票：紅磡體育館 746元,3
快餐：大麥克套餐 109元,4
水費：本月 982元,2
咖啡店：啤酒 828元,4
家用品：薯片 7元，飲料 27元,0
地鐵票：尖沙咀到尖沙咀 392元,1
煤氣費：煮飯用氣 915元,2
咖啡店：奶茶 379元,4
菜市場買菜：薯片 16元，飲料 82元,0
菜市場買菜：橘子 35元，洗衣粉 91元,0
地鐵票：公司到尖沙咀 521元,1
超市購物：香蕉 50元，蘋果 29元,0
KTV唱歌：兩小時包廂 349元,3
餐廳用餐：蛋撻 18元，蛋撻 70元,4
寬頻費：每月網絡 584元,2
的士費：從家到家 973元,1
茶餐廳早餐：蛋撻 36元，蛋撻 72元,4
煤氣費：煮飯用氣 465元,2
煤氣費：煮飯用氣 737元,2
電影票：VIP座位門票 248元,3
水電費：本月水費 601元,2
地鐵票：中環到九龍 864元,1
KTV唱歌：兩小時包廂 977元,3
快餐：大麥克套餐 312元,4
水電費：本月水費 348元,2
巴士票：尖沙咀到中環 780元,1
停車費：商場停車場 550元,1
地鐵票：家到家 964元,1
餐廳用餐：大麥克 27元，炒飯 78元,4
巴士票：家到家 194元,1
停車費：商場停車場 959元,1
水費：本月 767元,2
電費單：空調使用 885元,2
快餐：意粉套餐 266元,4
電影票：紅磡體育館門票 677元,3
快餐：意粉套餐 925元,4
巴士票：中環到尖沙咀 607元,1
水費：本月 237元,2
便利店零食：飲料 48元，香蕉 77元,0
菜市場買菜：豬肉 33元，洗衣粉 53元,0
的士費：從家到九龍 843元,1
演唱會門票：海洋公園 958元,3
餐廳用餐：蛋撻 45元，大麥克 41元,4
停車費：商場停車場 598元,1
演唱會門票：UA戲院 889元,3
餐廳晚餐：尖沙咀高級餐廳 195元,3
餐廳晚餐：中環高級餐廳 965元,3
水費：本月 497元,2
便利店零食：牛奶 47元，牛奶 75元,0
水費：本月 487元,2
超市購物：薯片 50元，牛奶 18元,0
電費單：空調使用 34元,2
電影票：VIP座位門票 661元,3
停車費：商場停車場 746元,1
茶餐廳早餐：牛扒 48元，大麥克 12元,4
寬頻費：每月網絡 466元,2
停車費：地下停車場 266元,1
茶餐廳早餐：大麥克 43元，意粉 24元,4
家用品：洗衣粉 23元，飲料 33元,0
快餐：大麥克套餐 229元,4
餐廳用餐：意粉 39元，意粉 48元,4
電影票：UA戲院門票 168元,3
酒吧飲料：咖啡 8元，咖啡 69元,4
茶餐廳早餐：大麥克 7元，蛋撻 73元,4
水電費：本月水費 214元,2
停車費：商場停車場 45元,1
地鐵票：中環到九龍 918元,1
巴士票：尖沙咀到公司 155元,1
演唱會門票：紅磡體育館 408元,3
煤氣費：煮飯用氣 939元,2
咖啡店：咖啡 552元,4
電影票：UA戲院門票 335元,3
便利店零食：飲料 11元，牛奶 58元,0
酒吧飲料：啤酒 39元，咖啡 28元,4
巴士票：公司到中環 493元,1
演唱會門票：UA戲院 315元,3
便利店零食：飲料 42元，薯片 69元,0
電影票：海洋公園門票 71元,3
煤氣費：煮飯用氣 35元,2
的士費：從公司到尖沙咀 929元,1
酒吧飲料：奶茶 32元，可樂 92元,4
水果攤：蘋果 19元，青菜 19元,0
寬頻費：每月網絡 955元,2
菜市場買菜：香蕉 23元，青菜 35元,0
巴士票：中環到公司 303元,1
水費：本月 356元,2
快餐：意粉套餐 970元,4
餐廳晚餐：中環高級餐廳 641元,3
家用品：牛奶 44元，香蕉 11元,0
煤氣費：煮飯用氣 262元,2
咖啡店：奶茶 116元,4
酒吧飲料：啤酒 18元，咖啡 41元,4
超市購物：洗衣粉 48元，豬肉 71元,0
演唱會門票：紅磡體育館 50元,3
停車費：地下停車場 977元,1
的士費：從中環到公司 682元,1
酒吧飲料：可樂 15元，咖啡 77元,4
酒吧飲料：奶茶 9元，啤酒 43元,4
水費：本月 73元,2
演唱會門票：UA戲院 794元,3
咖啡店：啤酒 438元,4
停車費：商場停車場 805元,1
超市購物：牙膏 27元，青菜 41元,0
便利店零食：薯片 17元，牙膏 49元,0
咖啡店：奶茶 729元,4
超市購物：薯片 7元，橘子 78元,0
寬頻費：每月網絡 687元,2
巴士票：公司到中環 228元,1
地鐵票：中環到尖沙咀 704元,1
KTV唱歌：兩小時包廂 315元,3
電費單：空調使用 94元,2
KTV唱歌：兩小時包廂 51元,3
電費單：空調使用 777元,2
餐廳用餐：蛋撻 49元，大麥克 15元,4
餐廳用餐：大麥克 33元，蛋撻 46元,4
酒吧飲料：咖啡 20元，可樂 47元,4
KTV唱歌：兩小時包廂 673元,3
快餐：牛扒套餐 417元,4
演唱會門票：UA戲院 366元,3
便利店零食：洗衣粉 37元，橘子 91元,0
巴士票：尖沙咀到家 502元,1
電費單：空調使用 558元,2
菜市場買菜：牙膏 17元，青菜 66元,0
菜市場買菜：薯片 32元，橘子 24元,0
水電費：本月水費 272元,2
便利店零食：橘子 16元，青菜 64元,0
水電費：本月水費 363元,2
便利店零食：蘋果 27元，洗衣粉 10元,0
煤氣費：煮飯用氣 690元,2
餐廳用餐：蛋撻 48元，大麥克 65元,4
餐廳晚餐：尖沙咀高級餐廳 880元,3
停車費：地下停車場 700元,1
菜市場買菜：香蕉 35元，洗衣粉 29元,0
水果攤：豬肉 18元，牙膏 57元,0
水費：本月 218元,2
便利店零食：牙膏 21元，薯片 91元,0
水電費：本月水費 755元,2
演唱會門票：UA戲院 82元,3
茶餐廳早餐：蛋撻 43元，牛扒 47元,4
停車費：商場停車場 840元,1
餐廳晚餐：尖沙咀高級餐廳 69元,3
便利店零食：牙膏 28元，蘋果 12元,0
咖啡店：啤酒 230元,4
停車費：商場停車場 327元,1
寬頻費：每月網絡 357元,2
演唱會門票：UA戲院 561元,3
水費：本月 13元,2
寬頻費：每月網絡 547元,2
水費：本月 913元,2
電影票：海洋公園門票 608元,3
酒吧飲料：可樂 46元，可樂 83元,4
茶餐廳早餐：炒飯 36元，蛋撻 20元,4
水果攤：豬肉 27元，香蕉 52元,0
家用品：飲料 36元，洗衣粉 99元,0
餐廳用餐：意粉 40元，大麥克 94元,4
餐廳用餐：牛扒 38元，大麥克 60元,4
酒吧飲料：可樂 37元，咖啡 15元,4
停車費：地下停車場 159元,1
巴士票：中環到九龍 872元,1
家用品：蘋果 13元，飲料 15元,0
停車費：商場停車場 129元,1
餐廳用餐：炒飯 28元，意粉 81元,4
巴士票：尖沙咀到中環 536元,1
快餐：大麥克套餐 944元,4
酒吧飲料：奶茶 43元，咖啡 25元,4
餐廳晚餐：中環高級餐廳 622元,3
水電費：本月水費 193元,2
煤氣費：煮飯用氣 224元,2
寬頻費：每月網絡 415元,2
演唱會門票：VIP座位 424元,3
演唱會門票：海洋公園 170元,3
KTV唱歌：兩小時包廂 323元,3
KTV唱歌：兩小時包廂 768元,3
電費單：空調使用 85元,2
家用品：蘋果 22元，青菜 75元,0
快餐：蛋撻套餐 576元,4
停車費：地下停車場 471元,1
煤氣費：煮飯用氣 189元,2
寬頻費：每月網絡 210元,2
家用品：豬肉 9元，薯片 37元,0
電影票：海洋公園門票 398元,3
KTV唱歌：兩小時包廂 207元,3
便利店零食：香蕉 17元，薯片 63元,0
寬頻費：每月網絡 954元,2
KTV唱歌：兩小時包廂 205元,3
的士費：從中環到中環 266元,1
水費：本月 759元,2
茶餐廳早餐：炒飯 19元，意粉 57元,4
的士費：從尖沙咀到公司 152元,1
巴士票：公司到公司 756元,1
餐廳用餐：意粉 11元，大麥克 62元,4
地鐵票：尖沙咀到尖沙咀 749元,1
水電費：本月水費 171元,2
水費：本月 976元,2
餐廳晚餐：尖沙咀高級餐廳 783元,3
咖啡店：啤酒 276元,4
煤氣費：煮飯用氣 154元,2
演唱會門票：VIP座位 455元,3
地鐵票：九龍到家 419元,1
巴士票：家到尖沙咀 977元,1
地鐵票：中環到中環 200元,1
超市購物：豬肉 33元，薯片 28元,0
的士費：從家到尖沙咀 870元,1
超市購物：洗衣粉 10元，牛奶 40元,0
寬頻費：每月網絡 548元,2
水果攤：橘子 46元，豬肉 42元,0
餐廳晚餐：尖沙咀高級餐廳 205元,3
煤氣費：煮飯用氣 253元,2
巴士票：家到中環 561元,1
停車費：地下停車場 724元,1
菜市場買菜：薯片 38元，牙膏 69元,0
便利店零食：橘子 18元，洗衣粉 43元,0
酒吧飲料：可樂 42元，可樂 39元,4
超市購物：薯片 40元，牙膏 60元,0
演唱會門票：紅磡體育館 184元,3
寬頻費：每月網絡 881元,2
快餐：蛋撻套餐 147元,4
水電費：本月水費 544元,2
咖啡店：啤酒 39元,4
餐廳晚餐：尖沙咀高級餐廳 594元,3
停車費：地下停車場 860元,1
茶餐廳早餐：炒飯 24元，蛋撻 26元,4
電費單：空調使用 271元,2
巴士票：公司到公司 95元,1
地鐵票：公司到中環 976元,1
水電費：本月水費 338元,2
電費單：空調使用 444元,2
KTV唱歌：兩小時包廂 489元,3
的士費：從尖沙咀到公司 93元,1
演唱會門票：UA戲院 556元,3
巴士票：公司到家 992元,1
演唱會門票：海洋公園 759元,3
超市購物：飲料 6元，青菜 100元,0
酒吧飲料：可樂 36元，奶茶 72元,4
餐廳晚餐：尖沙咀高級餐廳 713元,3
超市購物：香蕉 23元，飲料 86元,0
寬頻費：每月網絡 751元,2
的士費：從家到家 784元,1
餐廳晚餐：尖沙咀高級餐廳 143元,3
水電費：本月水費 795元,2
電費單：空調使用 370元,2
電影票：紅磡體育館門票 362元,3
酒吧飲料：啤酒 41元，咖啡 39元,4
酒吧飲料：啤酒 31元，啤酒 34元,4
快餐：大麥克套餐 121元,4
寬頻費：每月網絡 553元,2
電影票：VIP座位門票 169元,3
超市購物：薯片 44元，青菜 70元,0
茶餐廳早餐：意粉 48元，牛扒 94元,4
餐廳用餐：大麥克 34元，牛扒 33元,4
水果攤：蘋果 37元，蘋果 42元,0
煤氣費：煮飯用氣 584元,2
茶餐廳早餐：炒飯 45元，牛扒 91元,4
KTV唱歌：兩小時包廂 718元,3
家用品：青菜 21元，飲料 48元,0
演唱會門票：紅磡體育館 140元,3
停車費：地下停車場 102元,1
演唱會門票：UA戲院 134元,3
電影票：海洋公園門票 333元,3
煤氣費：煮飯用氣 735元,2
水電費：本月水費 52元,2
煤氣費：煮飯用氣 76元,2
演唱會門票：VIP座位 387元,3
水果攤：飲料 37元，洗衣粉 98元,0
寬頻費：每月網絡 48元,2
電影票：UA戲院門票 36元,3
的士費：從家到中環 606元,1
家用品：牛奶 6元，香蕉 81元,0
水費：本月 875元,2
咖啡店：咖啡 961元,4
便利店零食：洗衣粉 5元，香蕉 44元,0
水果攤：豬肉 33元，豬肉 40元,0
停車費：地下停車場 180元,1
的士費：從公司到家 744元,1
餐廳晚餐：尖沙咀高級餐廳 139元,3
超市購物：薯片 29元，香蕉 13元,0
餐廳用餐：意粉 30元，大麥克 13元,4
便利店零食：豬肉 46元，薯片 93元,0
電影票：紅磡體育館門票 194元,3
電影票：UA戲院門票 958元,3
電影票：紅磡體育館門票 739元,3
菜市場買菜：香蕉 49元，洗衣粉 51元,0
巴士票：家到尖沙咀 827元,1
酒吧飲料：咖啡 6元，奶茶 26元,4
地鐵票：中環到九龍 320元,1
菜市場買菜：薯片 40元，薯片 74元,0
酒吧飲料：啤酒 26元，咖啡 46元,4
咖啡店：咖啡 633元,4
的士費：從中環到九龍 146元,1
超市購物：香蕉 22元，豬肉 96元,0
地鐵票：九龍到公司 930元,1
地鐵票：公司到中環 457元,1
家用品：香蕉 37元，青菜 79元,0
咖啡店：奶茶 79元,4
咖啡店：可樂 960元,4
家用品：香蕉 46元，豬肉 93元,0
演唱會門票：紅磡體育館 355元,3
地鐵票：尖沙咀到家 548元,1
水果攤：香蕉 10元，蘋果 49元,0
停車費：商場停車場 360元,1
寬頻費：每月網絡 57元,2
餐廳晚餐：尖沙咀高級餐廳 395元,3
KTV唱歌：兩小時包廂 297元,3
餐廳晚餐：尖沙咀高級餐廳 167元,3
演唱會門票：海洋公園 120元,3
餐廳晚餐：中環高級餐廳 940元,3
停車費：商場停車場 51元,1
地鐵票：尖沙咀到九龍 865元,1
地鐵票：九龍到公司 990元,1
KTV唱歌：兩小時包廂 679元,3
茶餐廳早餐：意粉 46元，蛋撻 67元,4
停車費：地下停車場 196元,1
家用品：飲料 18元，洗衣粉 56元,0
餐廳晚餐：尖沙咀高級餐廳 855元,3
餐廳晚餐：尖沙咀高級餐廳 401元,3
便利店零食：牛奶 20元，牙膏 39元,0
便利店零食：牙膏 41元，豬肉 55元,0
的士費：從尖沙咀到中環 496元,1
超市購物：橘子 27元，牛奶 89元,0
電費單：空調使用 676元,2
餐廳用餐：牛扒 25元，炒飯 98元,4
水費：本月 113元,2
電影票：VIP座位門票 637元,3
餐廳用餐：意粉 23元，牛扒 70元,4
水電費：本月水費 388元,2
演唱會門票：海洋公園 729元,3
便利店零食：洗衣粉 34元，香蕉 87元,0
酒吧飲料：咖啡 7元，啤酒 48元,4
電費單：空調使用 895元,2
KTV唱歌：兩小時包廂 126元,3
KTV唱歌：兩小時包廂 75元,3
餐廳晚餐：中環高級餐廳 737元,3
便利店零食：牙膏 44元，飲料 34元,0
巴士票：中環到家 248元,1
KTV唱歌：兩小時包廂 538元,3
巴士票：中環到中環 763元,1
水果攤：豬肉 25元，牛奶 99元,0
電影票：海洋公園門票 970元,3
寬頻費：每月網絡 696元,2
便利店零食：飲料 40元，香蕉 65元,0
電影票：海洋公園門票 972元,3
煤氣費：煮飯用氣 143元,2
酒吧飲料：啤酒 24元，咖啡 25元,4
家用品：橘子 10元，洗衣粉 17元,0
電費單：空調使用 401元,2
的士費：從尖沙咀到九龍 860元,1
菜市場買菜：牛奶 43元，飲料 55元,0
便利店零食：香蕉 50元，橘子 26元,0
的士費：從家到中環 246元,1
演唱會門票：UA戲院 869元,3
菜市場買菜：香蕉 25元，牙膏 70元,0
便利店零食：牙膏 20元，薯片 41元,0
寬頻費：每月網絡 986元,2
酒吧飲料：可樂 31元，可樂 18元,4
巴士票：尖沙咀到中環 196元,1
餐廳晚餐：尖沙咀高級餐廳 504元,3
水電費：本月水費 555元,2
菜市場買菜：薯片 32元，牛奶 54元,0
水電費：本月水費 833元,2
演唱會門票：UA戲院 583元,3
超市購物：蘋果 47元，牙膏 88元,0
KTV唱歌：兩小時包廂 463元,3
水費：本月 313元,2
地鐵票：公司到尖沙咀 463元,1
演唱會門票：VIP座位 558元,3
停車費：地下停車場 475元,1
的士費：從九龍到公司 860元,1
地鐵票：九龍到中環 855元,1
便利店零食：薯片 39元，飲料 15元,0
演唱會門票：海洋公園 373元,3
快餐：牛扒套餐 761元,4
的士費：從尖沙咀到中環 681元,1
酒吧飲料：咖啡 5元，可樂 69元,4
地鐵票：家到公司 391元,1
水果攤：飲料 27元，薯片 87元,0
的士費：從家到九龍 570元,1
超市購物：洗衣粉 13元，牛奶 90元,0
便利店零食：青菜 14元，蘋果 42元,0
餐廳晚餐：中環高級餐廳 888元,3
快餐：意粉套餐 680元,4
超市購物：橘子 28元，牙膏 51元,0
茶餐廳早餐：牛扒 14元，牛扒 27元,4
餐廳晚餐：中環高級餐廳 934元,3
快餐：蛋撻套餐 320元,4
地鐵票：九龍到中環 255元,1
酒吧飲料：奶茶 40元，啤酒 32元,4
地鐵票：家到尖沙咀 804元,1
的士費：從家到九龍 460元,1
菜市場買菜：牛奶 25元，牛奶 79元,0
水費：本月 259元,2
水電費：本月水費 855元,2
地鐵票：家到中環 617元,1
快餐：意粉套餐 348元,4
餐廳用餐：炒飯 35元，炒飯 87元,4
便利店零食：蘋果 13元，牛奶 80元,0
煤氣費：煮飯用氣 865元,2
的士費：從中環到九龍 193元,1
的士費：從九龍到家 448元,1
菜市場買菜：牛奶 10元，薯片 70元,0
停車費：商場停車場 506元,1
酒吧飲料：可樂 6元，咖啡 92元,4
的士費：從公司到家 908元,1
電費單：空調使用 572元,2
快餐：意粉套餐 727元,4
巴士票：中環到尖沙咀 335元,1
便利店零食：香蕉 27元，豬肉 70元,0
快餐：意粉套餐 125元,4
超市購物：薯片 38元，橘子 26元,0
茶餐廳早餐：炒飯 31元，牛扒 21元,4
停車費：地下停車場 942元,1
家用品：蘋果 32元，豬肉 59元,0
煤氣費：煮飯用氣 590元,2
茶餐廳早餐：蛋撻 12元，炒飯 40元,4
寬頻費：每月網絡 294元,2
水電費：本月水費 783元,2
超市購物：蘋果 34元，香蕉 33元,0
水費：本月 111元,2
寬頻費：每月網絡 259元,2
便利店零食：洗衣粉 46元，蘋果 95元,0
水費：本月 338元,2
咖啡店：奶茶 375元,4
水果攤：青菜 5元，橘子 56元,0
寬頻費：每月網絡 131元,2
KTV唱歌：兩小時包廂 458元,3
咖啡店：咖啡 175元,4
演唱會門票：紅磡體育館 472元,3
演唱會門票：海洋公園 952元,3
家用品：蘋果 44元，香蕉 47元,0
演唱會門票：VIP座位 14元,3
巴士票：尖沙咀到家 317元,1
家用品：蘋果 18元，青菜 73元,0
超市購物：洗衣粉 45元，橘子 89元,0
餐廳晚餐：中環高級餐廳 956元,3
停車費：地下停車場 154元,1
咖啡店：奶茶 456元,4
水電費：本月水費 454元,2
家用品：洗衣粉 9元，洗衣粉 95元,0
超市購物：牙膏 36元，香蕉 79元,0
停車費：地下停車場 360元,1
便利店零食：洗衣粉 33元，橘子 37元,0
水果攤：橘子 37元，橘子 13元,0
地鐵票：尖沙咀到家 48元,1
餐廳用餐：蛋撻 19元，大麥克 47元,4
Train ticket downtown 15 USD | Uber ride airport 50 USD total 20 USD,1
eggs 4 USD total 113 USD,0
Beer at bar 6 USD total 119 USD,4
Uber ride airport 50 USD | Parking fee mall lot 10 USD | Bus ticket to city center 5 USD total 79 USD,1
Train ticket downtown 15 USD | Gas station fill-up 40 USD total 28 USD,1
yogurt 4 USD | chicken 10 USD total 147 USD,0
KTV room 2 hours 50 USD total 21 USD,3
Dinner at fancy restaurant 120 USD | KTV room 2 hours 50 USD | Concert tickets arena 100 USD total 41 USD,3
Electricity bill this month 80 USD | Phone bill 40 USD total 67 USD,2
Sushi roll 15 USD total 147 USD,4
McDonalds Big Mac meal 10 USD total 136 USD,4
Bus ticket to city center 5 USD | Parking fee mall lot 10 USD total 51 USD,1
Beer at bar 6 USD | Pizza slice 4 USD | McDonalds Big Mac meal 10 USD total 132 USD,4
cheese 7 USD | chicken 10 USD | bananas 2 USD total 111 USD,0
Burger and fries 12 USD total 127 USD,4
Bus ticket to city center 5 USD | Train ticket downtown 15 USD total 33 USD,1
Taxi from home to office 20 USD | Train ticket downtown 15 USD | Bus ticket to city center 5 USD total 119 USD,1
Burger and fries 12 USD | Starbucks coffee 5 USD total 110 USD,4
Gas bill cooking 30 USD | Water bill 50 USD | Trash collection fee 20 USD total 120 USD,2
Gas bill cooking 30 USD total 10 USD,2
McDonalds Big Mac meal 10 USD | Beer at bar 6 USD total 84 USD,4
Beer at bar 6 USD | Starbucks coffee 5 USD total 121 USD,4
Phone bill 40 USD | Water bill 50 USD | Gas bill cooking 30 USD total 58 USD,2
shampoo 9 USD | bananas 2 USD total 60 USD,0
Internet monthly 60 USD | Gas bill cooking 30 USD | Electricity bill this month 80 USD total 33 USD,2
Parking fee mall lot 10 USD | Train ticket downtown 15 USD total 89 USD,1
KTV room 2 hours 50 USD total 69 USD,3
yogurt 4 USD total 82 USD,0
rice 6 USD | cheese 7 USD total 119 USD,0
Sushi roll 15 USD | Tea at cafe 3 USD total 62 USD,4
Electricity bill this month 80 USD | Internet monthly 60 USD total 101 USD,2
Burger and fries 12 USD | Sushi roll 15 USD | Beer at bar 6 USD total 113 USD,4
Beer at bar 6 USD | Pizza slice 4 USD total 78 USD,4
Subway fare 3 USD | Bus ticket to city center 5 USD | Gas station fill-up 40 USD total 125 USD,1
soap 3 USD | toilet paper 5 USD | eggs 4 USD total 28 USD,0
Parking fee mall lot 10 USD | Bike rental 8 USD total 73 USD,1
Electricity bill this month 80 USD | Phone bill 40 USD total 134 USD,2
Burger and fries 12 USD | Sushi roll 15 USD | Starbucks coffee 5 USD total 146 USD,4
Dinner at fancy restaurant 120 USD total 147 USD,3
KTV room 2 hours 50 USD | Theme park entry 60 USD total 50 USD,3
Parking fee mall lot 10 USD | Taxi from home to office 20 USD | Subway fare 3 USD total 66 USD,1
pasta 3 USD | bananas 2 USD total 19 USD,0
Gas bill cooking 30 USD | Water bill 50 USD | Electricity bill this month 80 USD total 146 USD,2
Sushi roll 15 USD | Tea at cafe 3 USD | McDonalds Big Mac meal 10 USD total 65 USD,4
Dinner at fancy restaurant 120 USD total 90 USD,3
Sushi roll 15 USD | Pizza slice 4 USD | Starbucks coffee 5 USD total 9 USD,4
Beer at bar 6 USD | Sushi roll 15 USD | Pizza slice 4 USD total 36 USD,4
Internet monthly 60 USD | Phone bill 40 USD total 149 USD,2
Electricity bill this month 80 USD | Phone bill 40 USD total 88 USD,2
toilet paper 5 USD | chicken 10 USD | cheese 7 USD total 40 USD,0
Movie ticket cinema 15 USD | Theme park entry 60 USD total 120 USD,3
Beer at bar 6 USD | McDonalds Big Mac meal 10 USD total 116 USD,4
rice 6 USD total 107 USD,0
Broadway show 80 USD | Dinner at fancy restaurant 120 USD total 28 USD,3
Sushi roll 15 USD | Burger and fries 12 USD total 145 USD,4
Gas station fill-up 40 USD | Bus ticket to city center 5 USD | Subway fare 3 USD total 108 USD,1
bread 2 USD total 98 USD,0
apples 5 USD | pasta 3 USD | yogurt 4 USD total 112 USD,0
Concert tickets arena 100 USD | Movie ticket cinema 15 USD | KTV room 2 hours 50 USD total 54 USD,3
soap 3 USD total 131 USD,0
KTV room 2 hours 50 USD total 47 USD,3
Gas bill cooking 30 USD | Phone bill 40 USD | Water bill 50 USD total 129 USD,2
Gas bill cooking 30 USD | Electricity bill this month 80 USD total 73 USD,2
Trash collection fee 20 USD | Gas bill cooking 30 USD | Electricity bill this month 80 USD total 73 USD,2
Broadway show 80 USD | Theme park entry 60 USD | Concert tickets arena 100 USD total 10 USD,3
Sushi roll 15 USD | Starbucks coffee 5 USD | Burger and fries 12 USD total 140 USD,4
Theme park entry 60 USD total 89 USD,3
Burger and fries 12 USD | Beer at bar 6 USD | Pizza slice 4 USD total 142 USD,4
KTV room 2 hours 50 USD | Movie ticket cinema 15 USD total 96 USD,3
eggs 4 USD total 76 USD,0
Internet monthly 60 USD total 128 USD,2
eggs 4 USD total 57 USD,0
Parking fee mall lot 10 USD | Uber ride airport 50 USD | Gas station fill-up 40 USD total 31 USD,1
bread 2 USD | rice 6 USD | toilet paper 5 USD total 31 USD,0
Dinner at fancy restaurant 120 USD total 76 USD,3
Bike rental 8 USD | Taxi from home to office 20 USD total 112 USD,1
Concert tickets arena 100 USD | KTV room 2 hours 50 USD | Theme park entry 60 USD total 32 USD,3
detergent 8 USD | yogurt 4 USD | milk 3 USD total 101 USD,0
Bus ticket to city center 5 USD | Parking fee mall lot 10 USD total 142 USD,1
Beer at bar 6 USD | Starbucks coffee 5 USD total 22 USD,4
Tea at cafe 3 USD | Beer at bar 6 USD | Sushi roll 15 USD total 103 USD,4
KTV room 2 hours 50 USD | Broadway show 80 USD total 125 USD,3
Dinner at fancy restaurant 120 USD | Concert tickets arena 100 USD | Movie ticket cinema 15 USD total 9 USD,3
Subway fare 3 USD | Bus ticket to city center 5 USD total 142 USD,1
Tea at cafe 3 USD | Starbucks coffee 5 USD total 110 USD,4
Electricity bill this month 80 USD | Trash collection fee 20 USD total 105 USD,2
Sushi roll 15 USD | Tea at cafe 3 USD total 109 USD,4
Broadway show 80 USD total 35 USD,3
yogurt 4 USD total 115 USD,0
Bike rental 8 USD | Train ticket downtown 15 USD | Bus ticket to city center 5 USD total 145 USD,1
Gas bill cooking 30 USD total 63 USD,2
chicken 10 USD total 76 USD,0
Internet monthly 60 USD total 84 USD,2
Train ticket downtown 15 USD total 58 USD,1
Taxi from home to office 20 USD total 74 USD,1
apples 5 USD | bananas 2 USD total 125 USD,0
Trash collection fee 20 USD | Gas bill cooking 30 USD | Internet monthly 60 USD total 33 USD,2
Gas station fill-up 40 USD total 17 USD,1
bread 2 USD total 37 USD,0
Parking fee mall lot 10 USD | Taxi from home to office 20 USD total 123 USD,1
pasta 3 USD | cheese 7 USD | eggs 4 USD total 100 USD,0
KTV room 2 hours 50 USD | Dinner at fancy restaurant 120 USD total 49 USD,3
Movie ticket cinema 15 USD total 142 USD,3
McDonalds Big Mac meal 10 USD total 145 USD,4
Uber ride airport 50 USD total 126 USD,1
Parking fee mall lot 10 USD | Gas station fill-up 40 USD total 83 USD,1
toilet paper 5 USD | bread 2 USD total 125 USD,0
Beer at bar 6 USD | McDonalds Big Mac meal 10 USD | Pizza slice 4 USD total 104 USD,4
pasta 3 USD | yogurt 4 USD total 34 USD,0
Gas station fill-up 40 USD total 100 USD,1
soap 3 USD | eggs 4 USD | yogurt 4 USD total 132 USD,0
Concert tickets arena 100 USD total 27 USD,3
Theme park entry 60 USD | Broadway show 80 USD | Dinner at fancy restaurant 120 USD total 70 USD,3
Gas bill cooking 30 USD total 46 USD,2
Starbucks coffee 5 USD | Pizza slice 4 USD total 50 USD,4
Pizza slice 4 USD | Tea at cafe 3 USD total 21 USD,4
Water bill 50 USD | Internet monthly 60 USD | Trash collection fee 20 USD total 149 USD,2
Uber ride airport 50 USD | Gas station fill-up 40 USD | Train ticket downtown 15 USD total 66 USD,1
pasta 3 USD | yogurt 4 USD | bananas 2 USD total 143 USD,0
bananas 2 USD | yogurt 4 USD | detergent 8 USD total 120 USD,0
Starbucks coffee 5 USD | Burger and fries 12 USD | Sushi roll 15 USD total 46 USD,4
Water bill 50 USD | Electricity bill this month 80 USD | Phone bill 40 USD total 16 USD,2
Tea at cafe 3 USD total 99 USD,4
yogurt 4 USD | pasta 3 USD total 104 USD,0
yogurt 4 USD total 136 USD,0
Bus ticket to city center 5 USD total 54 USD,1
Concert tickets arena 100 USD | Movie ticket cinema 15 USD total 7 USD,3
Concert tickets arena 100 USD | Theme park entry 60 USD total 126 USD,3
bananas 2 USD | shampoo 9 USD | yogurt 4 USD total 17 USD,0
eggs 4 USD total 113 USD,0
Parking fee mall lot 10 USD | Uber ride airport 50 USD | Bike rental 8 USD total 32 USD,1
Pizza slice 4 USD | Burger and fries 12 USD | McDonalds Big Mac meal 10 USD total 107 USD,4
Parking fee mall lot 10 USD | Bike rental 8 USD | Bus ticket to city center 5 USD total 41 USD,1
Sushi roll 15 USD total 82 USD,4
Parking fee mall lot 10 USD | Taxi from home to office 20 USD total 134 USD,1
Gas bill cooking 30 USD | Internet monthly 60 USD | Electricity bill this month 80 USD total 23 USD,2
Parking fee mall lot 10 USD total 119 USD,1
yogurt 4 USD total 47 USD,0
Concert tickets arena 100 USD total 75 USD,3
Sushi roll 15 USD total 52 USD,4
rice 6 USD total 109 USD,0
McDonalds Big Mac meal 10 USD total 28 USD,4
KTV room 2 hours 50 USD | Movie ticket cinema 15 USD | Concert tickets arena 100 USD total 125 USD,3
McDonalds Big Mac meal 10 USD | Sushi roll 15 USD total 99 USD,4
Subway fare 3 USD total 120 USD,1
Taxi from home to office 20 USD total 106 USD,1
Parking fee mall lot 10 USD total 134 USD,1
Beer at bar 6 USD total 135 USD,4
Taxi from home to office 20 USD | Bike rental 8 USD total 124 USD,1
Starbucks coffee 5 USD | Tea at cafe 3 USD | McDonalds Big Mac meal 10 USD total 47 USD,4
Internet monthly 60 USD | Trash collection fee 20 USD | Electricity bill this month 80 USD total 44 USD,2
Pizza slice 4 USD total 58 USD,4
Theme park entry 60 USD | Dinner at fancy restaurant 120 USD total 106 USD,3
Taxi from home to office 20 USD | Subway fare 3 USD total 26 USD,1
soap 3 USD | milk 3 USD | chicken 10 USD total 32 USD,0
Broadway show 80 USD | Theme park entry 60 USD | KTV room 2 hours 50 USD total 76 USD,3
Phone bill 40 USD | Water bill 50 USD total 20 USD,2
Tea at cafe 3 USD total 109 USD,4
Bike rental 8 USD total 72 USD,1
Sushi roll 15 USD | McDonalds Big Mac meal 10 USD total 53 USD,4
McDonalds Big Mac meal 10 USD | Starbucks coffee 5 USD | Sushi roll 15 USD total 138 USD,4
Bike rental 8 USD | Subway fare 3 USD | Train ticket downtown 15 USD total 88 USD,1
toilet paper 5 USD total 77 USD,0
Gas bill cooking 30 USD total 132 USD,2
Internet monthly 60 USD | Electricity bill this month 80 USD | Trash collection fee 20 USD total 45 USD,2
Bike rental 8 USD total 92 USD,1
Theme park entry 60 USD | Movie ticket cinema 15 USD total 55 USD,3
Internet monthly 60 USD | Water bill 50 USD total 108 USD,2
Internet monthly 60 USD | Water bill 50 USD | Electricity bill this month 80 USD total 39 USD,2
Concert tickets arena 100 USD | Dinner at fancy restaurant 120 USD | Theme park entry 60 USD total 55 USD,3
Tea at cafe 3 USD | Burger and fries 12 USD total 105 USD,4
Taxi from home to office 20 USD total 38 USD,1
shampoo 9 USD | rice 6 USD total 51 USD,0
Dinner at fancy restaurant 120 USD | Broadway show 80 USD | Movie ticket cinema 15 USD total 128 USD,3
KTV room 2 hours 50 USD | Theme park entry 60 USD total 39 USD,3
McDonalds Big Mac meal 10 USD | Tea at cafe 3 USD | Sushi roll 15 USD total 123 USD,4
Trash collection fee 20 USD | Electricity bill this month 80 USD | Gas bill cooking 30 USD total 75 USD,2
detergent 8 USD | apples 5 USD | bananas 2 USD total 29 USD,0
Pizza slice 4 USD | McDonalds Big Mac meal 10 USD total 69 USD,4
soap 3 USD | eggs 4 USD total 111 USD,0
Movie ticket cinema 15 USD | Dinner at fancy restaurant 120 USD total 40 USD,3
KTV room 2 hours 50 USD | Broadway show 80 USD | Movie ticket cinema 15 USD total 105 USD,3
Uber ride airport 50 USD | Parking fee mall lot 10 USD | Gas station fill-up 40 USD total 43 USD,1
Tea at cafe 3 USD total 149 USD,4
Gas station fill-up 40 USD | Subway fare 3 USD total 108 USD,1
Burger and fries 12 USD | Sushi roll 15 USD total 10 USD,4
McDonalds Big Mac meal 10 USD | Starbucks coffee 5 USD | Beer at bar 6 USD total 105 USD,4
Train ticket downtown 15 USD | Bike rental 8 USD total 52 USD,1
Beer at bar 6 USD | Tea at cafe 3 USD total 61 USD,4
toilet paper 5 USD | shampoo 9 USD | apples 5 USD total 5 USD,0
Starbucks coffee 5 USD | Sushi roll 15 USD total 36 USD,4
Phone bill 40 USD | Water bill 50 USD | Gas bill cooking 30 USD total 18 USD,2
soap 3 USD | yogurt 4 USD total 74 USD,0
Gas bill cooking 30 USD total 65 USD,2
Parking fee mall lot 10 USD total 82 USD,1
Movie ticket cinema 15 USD | Broadway show 80 USD | Dinner at fancy restaurant 120 USD total 82 USD,3
Pizza slice 4 USD | Burger and fries 12 USD | McDonalds Big Mac meal 10 USD total 7 USD,4
yogurt 4 USD | rice 6 USD | bananas 2 USD total 60 USD,0
Burger and fries 12 USD total 138 USD,4
Trash collection fee 20 USD total 55 USD,2
Dinner at fancy restaurant 120 USD | KTV room 2 hours 50 USD | Theme park entry 60 USD total 12 USD,3
Gas bill cooking 30 USD total 144 USD,2
Phone bill 40 USD | Trash collection fee 20 USD total 97 USD,2
Phone bill 40 USD | Gas bill cooking 30 USD total 75 USD,2
Taxi from home to office 20 USD | Train ticket downtown 15 USD total 116 USD,1
Gas bill cooking 30 USD | Internet monthly 60 USD | Electricity bill this month 80 USD total 72 USD,2
Theme park entry 60 USD | KTV room 2 hours 50 USD total 62 USD,3
Trash collection fee 20 USD | Internet monthly 60 USD total 95 USD,2
Starbucks coffee 5 USD | Sushi roll 15 USD | Burger and fries 12 USD total 5 USD,4
cheese 7 USD total 121 USD,0
shampoo 9 USD total 117 USD,0
Uber ride airport 50 USD | Train ticket downtown 15 USD | Bus ticket to city center 5 USD total 138 USD,1
McDonalds Big Mac meal 10 USD total 60 USD,4
Movie ticket cinema 15 USD | Broadway show 80 USD | KTV room 2 hours 50 USD total 57 USD,3
Movie ticket cinema 15 USD | Broadway show 80 USD total 102 USD,3
Water bill 50 USD | Gas bill cooking 30 USD total 117 USD,2
Electricity bill this month 80 USD total 100 USD,2
McDonalds Big Mac meal 10 USD total 129 USD,4
Gas station fill-up 40 USD total 42 USD,1
rice 6 USD | apples 5 USD total 143 USD,0
Tea at cafe 3 USD total 92 USD,4
Broadway show 80 USD total 79 USD,3
Bus ticket to city center 5 USD | Uber ride airport 50 USD total 17 USD,1
Phone bill 40 USD | Gas bill cooking 30 USD | Trash collection fee 20 USD total 137 USD,2
Taxi from home to office 20 USD | Gas station fill-up 40 USD total 11 USD,1
KTV room 2 hours 50 USD | Dinner at fancy restaurant 120 USD total 60 USD,3
chicken 10 USD total 42 USD,0
Water bill 50 USD total 107 USD,2
Bike rental 8 USD | Train ticket downtown 15 USD | Bus ticket to city center 5 USD total 29 USD,1
Trash collection fee 20 USD total 123 USD,2
McDonalds Big Mac meal 10 USD | Pizza slice 4 USD | Beer at bar 6 USD total 104 USD,4
Train ticket downtown 15 USD total 111 USD,1
Bike rental 8 USD | Parking fee mall lot 10 USD total 94 USD,1
Train ticket downtown 15 USD | Taxi from home to office 20 USD | Uber ride airport 50 USD total 135 USD,1
Bus ticket to city center 5 USD | Gas station fill-up 40 USD | Subway fare 3 USD total 77 USD,1
Subway fare 3 USD | Parking fee mall lot 10 USD | Bus ticket to city center 5 USD total 98 USD,1
Sushi roll 15 USD total 59 USD,4
Subway fare 3 USD | Bike rental 8 USD total 121 USD,1
Dinner at fancy restaurant 120 USD total 32 USD,3
soap 3 USD | bananas 2 USD total 39 USD,0
Uber ride airport 50 USD total 64 USD,1
Parking fee mall lot 10 USD total 68 USD,1
Bike rental 8 USD | Uber ride airport 50 USD | Gas station fill-up 40 USD total 134 USD,1
Trash collection fee 20 USD | Internet monthly 60 USD total 67 USD,2
KTV room 2 hours 50 USD | Theme park entry 60 USD total 112 USD,3
Tea at cafe 3 USD | Beer at bar 6 USD total 127 USD,4
Water bill 50 USD total 68 USD,2
Dinner at fancy restaurant 120 USD total 46 USD,3
bananas 2 USD total 114 USD,0
Bike rental 8 USD | Train ticket downtown 15 USD total 77 USD,1
Dinner at fancy restaurant 120 USD total 112 USD,3
Burger and fries 12 USD | Starbucks coffee 5 USD | Sushi roll 15 USD total 121 USD,4
Trash collection fee 20 USD | Gas bill cooking 30 USD total 58 USD,2
Gas station fill-up 40 USD | Train ticket downtown 15 USD total 107 USD,1
Pizza slice 4 USD | McDonalds Big Mac meal 10 USD total 91 USD,4
detergent 8 USD | bread 2 USD | pasta 3 USD total 64 USD,0
bananas 2 USD total 77 USD,0
Beer at bar 6 USD | Pizza slice 4 USD | Tea at cafe 3 USD total 143 USD,4
Dinner at fancy restaurant 120 USD total 143 USD,3
McDonalds Big Mac meal 10 USD | Pizza slice 4 USD total 45 USD,4
shampoo 9 USD total 145 USD,0
McDonalds Big Mac meal 10 USD | Sushi roll 15 USD total 98 USD,4
Dinner at fancy restaurant 120 USD | KTV room 2 hours 50 USD total 94 USD,3
apples 5 USD | bananas 2 USD | chicken 10 USD total 84 USD,0
Broadway show 80 USD total 8 USD,3
soap 3 USD | detergent 8 USD total 128 USD,0
Phone bill 40 USD | Trash collection fee 20 USD | Internet monthly 60 USD total 49 USD,2
Parking fee mall lot 10 USD | Train ticket downtown 15 USD total 114 USD,1
Tea at cafe 3 USD | McDonalds Big Mac meal 10 USD | Sushi roll 15 USD total 138 USD,4
Movie ticket cinema 15 USD | Theme park entry 60 USD total 89 USD,3
Burger and fries 12 USD | Pizza slice 4 USD | Beer at bar 6 USD total 17 USD,4
Uber ride airport 50 USD total 57 USD,1
Taxi from home to office 20 USD | Parking fee mall lot 10 USD | Subway fare 3 USD total 59 USD,1
Water bill 50 USD total 132 USD,2
Burger and fries 12 USD | McDonalds Big Mac meal 10 USD total 68 USD,4
Pizza slice 4 USD total 115 USD,4
Trash collection fee 20 USD | Electricity bill this month 80 USD total 141 USD,2
Electricity bill this month 80 USD | Gas bill cooking 30 USD | Water bill 50 USD total 72 USD,2
Train ticket downtown 15 USD total 33 USD,1
Trash collection fee 20 USD | Water bill 50 USD | Phone bill 40 USD total 116 USD,2
Bike rental 8 USD | Uber ride airport 50 USD total 127 USD,1
eggs 4 USD | cheese 7 USD | bread 2 USD total 23 USD,0
Water bill 50 USD | Gas bill cooking 30 USD | Internet monthly 60 USD total 139 USD,2
Gas station fill-up 40 USD | Parking fee mall lot 10 USD | Bus ticket to city center 5 USD total 136 USD,1
Trash collection fee 20 USD | Electricity bill this month 80 USD | Water bill 50 USD total 118 USD,2
Gas station fill-up 40 USD | Subway fare 3 USD | Parking fee mall lot 10 USD total 38 USD,1
Pizza slice 4 USD | Burger and fries 12 USD | Beer at bar 6 USD total 119 USD,4
Taxi from home to office 20 USD total 37 USD,1
Beer at bar 6 USD | Sushi roll 15 USD total 52 USD,4
Gas bill cooking 30 USD | Water bill 50 USD | Internet monthly 60 USD total 18 USD,2
Tea at cafe 3 USD | Beer at bar 6 USD total 96 USD,4
Phone bill 40 USD total 22 USD,2
eggs 4 USD | detergent 8 USD total 10 USD,0
McDonalds Big Mac meal 10 USD total 35 USD,4
Taxi from home to office 20 USD total 121 USD,1
Starbucks coffee 5 USD | Beer at bar 6 USD total 133 USD,4
Train ticket downtown 15 USD total 128 USD,1
Burger and fries 12 USD | Sushi roll 15 USD | Tea at cafe 3 USD total 106 USD,4
yogurt 4 USD total 51 USD,0
Starbucks coffee 5 USD total 111 USD,4
Gas station fill-up 40 USD total 85 USD,1
Phone bill 40 USD | Internet monthly 60 USD total 20 USD,2
rice 6 USD total 32 USD,0
Bike rental 8 USD | Taxi from home to office 20 USD | Train ticket downtown 15 USD total 49 USD,1
Starbucks coffee 5 USD | Pizza slice 4 USD | Sushi roll 15 USD total 148 USD,4
Electricity bill this month 80 USD total 92 USD,2
Electricity bill this month 80 USD total 139 USD,2
Bike rental 8 USD | Bus ticket to city center 5 USD | Subway fare 3 USD total 23 USD,1
Beer at bar 6 USD | Pizza slice 4 USD total 28 USD,4
Parking fee mall lot 10 USD total 82 USD,1
toilet paper 5 USD | bread 2 USD total 62 USD,0
Tea at cafe 3 USD | Pizza slice 4 USD | Beer at bar 6 USD total 54 USD,4
Theme park entry 60 USD | Dinner at fancy restaurant 120 USD | Movie ticket cinema 15 USD total 73 USD,3
Broadway show 80 USD | Dinner at fancy restaurant 120 USD | KTV room 2 hours 50 USD total 131 USD,3
Parking fee mall lot 10 USD total 22 USD,1
Bus ticket to city center 5 USD | Uber ride airport 50 USD total 99 USD,1
Starbucks coffee 5 USD | Pizza slice 4 USD total 55 USD,4
eggs 4 USD total 87 USD,0
bread 2 USD | eggs 4 USD total 77 USD,0
Parking fee mall lot 10 USD | Taxi from home to office 20 USD | Subway fare 3 USD total 52 USD,1
Theme park entry 60 USD | Concert tickets arena 100 USD | Dinner at fancy restaurant 120 USD total 44 USD,3
Beer at bar 6 USD total 35 USD,4
Concert tickets arena 100 USD total 95 USD,3
Gas station fill-up 40 USD total 133 USD,1
cheese 7 USD | apples 5 USD | eggs 4 USD total 91 USD,0
eggs 4 USD total 124 USD,0
KTV room 2 hours 50 USD | Concert tickets arena 100 USD | Dinner at fancy restaurant 120 USD total 129 USD,3
Trash collection fee 20 USD total 150 USD,2
yogurt 4 USD | pasta 3 USD total 81 USD,0
Subway fare 3 USD total 40 USD,1
Taxi from home to office 20 USD | Subway fare 3 USD total 10 USD,1
Bus ticket to city center 5 USD | Taxi from home to office 20 USD | Bike rental 8 USD total 35 USD,1
soap 3 USD | pasta 3 USD | bananas 2 USD total 91 USD,0
Gas bill cooking 30 USD | Water bill 50 USD | Phone bill 40 USD total 15 USD,2
pasta 3 USD total 135 USD,0
Parking fee mall lot 10 USD total 141 USD,1
McDonalds Big Mac meal 10 USD | Sushi roll 15 USD total 36 USD,4
Bus ticket to city center 5 USD total 124 USD,1
Bike rental 8 USD | Uber ride airport 50 USD | Parking fee mall lot 10 USD total 148 USD,1
Sushi roll 15 USD | Beer at bar 6 USD total 10 USD,4
Internet monthly 60 USD | Phone bill 40 USD | Trash collection fee 20 USD total 79 USD,2
Taxi from home to office 20 USD | Uber ride airport 50 USD | Parking fee mall lot 10 USD total 132 USD,1
apples 5 USD total 103 USD,0
chicken 10 USD | bread 2 USD total 79 USD,0
yogurt 4 USD total 57 USD,0
Phone bill 40 USD total 110 USD,2
Internet monthly 60 USD | Trash collection fee 20 USD total 31 USD,2
Bike rental 8 USD total 57 USD,1
Broadway show 80 USD | Movie ticket cinema 15 USD | KTV room 2 hours 50 USD total 113 USD,3
Concert tickets arena 100 USD total 77 USD,3
KTV room 2 hours 50 USD total 131 USD,3
Bus ticket to city center 5 USD | Train ticket downtown 15 USD | Gas station fill-up 40 USD total 124 USD,1
Internet monthly 60 USD | Electricity bill this month 80 USD total 11 USD,2
Gas bill cooking 30 USD | Phone bill 40 USD | Water bill 50 USD total 105 USD,2
Taxi from home to office 20 USD total 46 USD,1
Parking fee mall lot 10 USD | Bus ticket to city center 5 USD | Taxi from home to office 20 USD total 102 USD,1
Starbucks coffee 5 USD | McDonalds Big Mac meal 10 USD | Sushi roll 15 USD total 111 USD,4
Phone bill 40 USD total 118 USD,2
Subway fare 3 USD total 74 USD,1
Trash collection fee 20 USD | Gas bill cooking 30 USD | Phone bill 40 USD total 58 USD,2
Uber ride airport 50 USD | Train ticket downtown 15 USD total 103 USD,1
Water bill 50 USD | Gas bill cooking 30 USD | Phone bill 40 USD total 98 USD,2
Sushi roll 15 USD | Tea at cafe 3 USD | McDonalds Big Mac meal 10 USD total 30 USD,4
Burger and fries 12 USD | Pizza slice 4 USD total 43 USD,4
Train ticket downtown 15 USD | Gas station fill-up 40 USD total 26 USD,1
Gas station fill-up 40 USD | Uber ride airport 50 USD total 88 USD,1
shampoo 9 USD | milk 3 USD total 95 USD,0
Electricity bill this month 80 USD total 105 USD,2
Starbucks coffee 5 USD | Burger and fries 12 USD total 56 USD,4
Bus ticket to city center 5 USD | Taxi from home to office 20 USD total 144 USD,1
Beer at bar 6 USD | Tea at cafe 3 USD total 72 USD,4
Tea at cafe 3 USD | Starbucks coffee 5 USD | Beer at bar 6 USD total 84 USD,4
Pizza slice 4 USD | Tea at cafe 3 USD | Starbucks coffee 5 USD total 24 USD,4
bananas 2 USD total 5 USD,0
McDonalds Big Mac meal 10 USD | Beer at bar 6 USD | Pizza slice 4 USD total 60 USD,4
KTV room 2 hours 50 USD | Theme park entry 60 USD total 19 USD,3
Water bill 50 USD | Gas bill cooking 30 USD | Phone bill 40 USD total 88 USD,2
Water bill 50 USD | Phone bill 40 USD | Internet monthly 60 USD total 126 USD,2
milk 3 USD total 52 USD,0
Bike rental 8 USD total 37 USD,1
Theme park entry 60 USD total 8 USD,3
milk 3 USD | rice 6 USD total 89 USD,0
KTV room 2 hours 50 USD | Concert tickets arena 100 USD total 13 USD,3
Internet monthly 60 USD | Electricity bill this month 80 USD | Phone bill 40 USD total 97 USD,2
Bike rental 8 USD total 124 USD,1
KTV room 2 hours 50 USD | Theme park entry 60 USD total 130 USD,3
shampoo 9 USD total 117 USD,0
Pizza slice 4 USD | Beer at bar 6 USD | Burger and fries 12 USD total 125 USD,4
Bike rental 8 USD | Train ticket downtown 15 USD | Parking fee mall lot 10 USD total 73 USD,1
Electricity bill this month 80 USD total 22 USD,2
Burger and fries 12 USD | Beer at bar 6 USD | Tea at cafe 3 USD total 46 USD,4
Phone bill 40 USD | Electricity bill this month 80 USD total 9 USD,2
Water bill 50 USD | Electricity bill this month 80 USD | Internet monthly 60 USD total 66 USD,2
apples 5 USD | detergent 8 USD total 114 USD,0
Gas bill cooking 30 USD | Trash collection fee 20 USD total 98 USD,2
Burger and fries 12 USD total 128 USD,4
Electricity bill this month 80 USD | Gas bill cooking 30 USD | Phone bill 40 USD total 23 USD,2
Tea at cafe 3 USD | Burger and fries 12 USD total 45 USD,4
Pizza slice 4 USD | McDonalds Big Mac meal 10 USD total 14 USD,4
Movie ticket cinema 15 USD total 76 USD,3
Gas bill cooking 30 USD | Trash collection fee 20 USD | Phone bill 40 USD total 137 USD,2
Broadway show 80 USD | Dinner at fancy restaurant 120 USD total 107 USD,3
Burger and fries 12 USD | Beer at bar 6 USD | Sushi roll 15 USD total 100 USD,4
Phone bill 40 USD | Water bill 50 USD | Gas bill cooking 30 USD total 108 USD,2
apples 5 USD total 45 USD,0
Phone bill 40 USD | Internet monthly 60 USD total 94 USD,2
Trash collection fee 20 USD | Gas bill cooking 30 USD total 48 USD,2
bread 2 USD total 143 USD,0
KTV room 2 hours 50 USD total 73 USD,3
Pizza slice 4 USD | Tea at cafe 3 USD | McDonalds Big Mac meal 10 USD total 68 USD,4
Sushi roll 15 USD | Tea at cafe 3 USD total 99 USD,4
soap 3 USD | bananas 2 USD total 94 USD,0
Dinner at fancy restaurant 120 USD total 8 USD,3
Broadway show 80 USD total 28 USD,3
Subway fare 3 USD | Uber ride airport 50 USD total 31 USD,1
Movie ticket cinema 15 USD total 82 USD,3
apples 5 USD | chicken 10 USD total 64 USD,0
cheese 7 USD | toilet paper 5 USD total 8 USD,0
Dinner at fancy restaurant 120 USD | Movie ticket cinema 15 USD total 94 USD,3
Bike rental 8 USD total 89 USD,1
rice 6 USD | detergent 8 USD total 133 USD,0
Gas bill cooking 30 USD total 97 USD,2
Electricity bill this month 80 USD total 142 USD,2
Movie ticket cinema 15 USD total 79 USD,3
Theme park entry 60 USD total 80 USD,3
Concert tickets arena 100 USD | Broadway show 80 USD | KTV room 2 hours 50 USD total 129 USD,3
Uber ride airport 50 USD | Taxi from home to office 20 USD | Gas station fill-up 40 USD total 131 USD,1
Gas bill cooking 30 USD | Internet monthly 60 USD | Trash collection fee 20 USD total 10 USD,2
Bike rental 8 USD | Parking fee mall lot 10 USD total 32 USD,1
Water bill 50 USD | Internet monthly 60 USD | Trash collection fee 20 USD total 111 USD,2
Phone bill 40 USD | Internet monthly 60 USD | Gas bill cooking 30 USD total 115 USD,2
Broadway show 80 USD | Movie ticket cinema 15 USD total 22 USD,3
Internet monthly 60 USD | Water bill 50 USD total 121 USD,2
Trash collection fee 20 USD | Phone bill 40 USD | Gas bill cooking 30 USD total 46 USD,2
Bus ticket to city center 5 USD | Uber ride airport 50 USD total 60 USD,1
Concert tickets arena 100 USD | KTV room 2 hours 50 USD total 10 USD,3
Beer at bar 6 USD | Pizza slice 4 USD total 132 USD,4
Phone bill 40 USD total 18 USD,2
KTV room 2 hours 50 USD total 89 USD,3
Subway fare 3 USD | Parking fee mall lot 10 USD total 111 USD,1
Sushi roll 15 USD | Starbucks coffee 5 USD | Beer at bar 6 USD total 101 USD,4
Starbucks coffee 5 USD total 138 USD,4
Phone bill 40 USD | Water bill 50 USD | Internet monthly 60 USD total 144 USD,2
Parking fee mall lot 10 USD | Train ticket downtown 15 USD | Gas station fill-up 40 USD total 60 USD,1
Water bill 50 USD | Internet monthly 60 USD total 143 USD,2
Uber ride airport 50 USD | Bus ticket to city center 5 USD | Taxi from home to office 20 USD total 55 USD,1
Parking fee mall lot 10 USD | Gas station fill-up 40 USD | Subway fare 3 USD total 105 USD,1
Theme park entry 60 USD total 69 USD,3
Burger and fries 12 USD | Beer at bar 6 USD total 136 USD,4
Bus ticket to city center 5 USD | Parking fee mall lot 10 USD total 23 USD,1
Burger and fries 12 USD | Pizza slice 4 USD total 143 USD,4
Beer at bar 6 USD total 14 USD,4
Starbucks coffee 5 USD | Burger and fries 12 USD total 75 USD,4
Sushi roll 15 USD | Tea at cafe 3 USD total 87 USD,4
rice 6 USD | detergent 8 USD total 49 USD,0
Bus ticket to city center 5 USD | Train ticket downtown 15 USD total 37 USD,1
KTV room 2 hours 50 USD total 24 USD,3
Starbucks coffee 5 USD | Sushi roll 15 USD total 60 USD,4
Taxi from home to office 20 USD | Bus ticket to city center 5 USD total 84 USD,1
McDonalds Big Mac meal 10 USD | Burger and fries 12 USD | Starbucks coffee 5 USD total 76 USD,4
rice 6 USD | bread 2 USD total 91 USD,0
Phone bill 40 USD | Gas bill cooking 30 USD total 133 USD,2
Uber ride airport 50 USD total 137 USD,1
Gas station fill-up 40 USD | Bike rental 8 USD | Subway fare 3 USD total 141 USD,1
Bike rental 8 USD total 43 USD,1
bread 2 USD total 137 USD,0
Phone bill 40 USD | Trash collection fee 20 USD total 48 USD,2
Uber ride airport 50 USD | Gas station fill-up 40 USD total 114 USD,1
Theme park entry 60 USD total 50 USD,3
Movie ticket cinema 15 USD | Dinner at fancy restaurant 120 USD | Concert tickets arena 100 USD total 103 USD,3
McDonalds Big Mac meal 10 USD total 105 USD,4
eggs 4 USD total 146 USD,0
eggs 4 USD | chicken 10 USD total 68 USD,0
soap 3 USD | apples 5 USD total 47 USD,0
Pizza slice 4 USD | Burger and fries 12 USD total 11 USD,4
Theme park entry 60 USD | Broadway show 80 USD | Movie ticket cinema 15 USD total 133 USD,3
bananas 2 USD | pasta 3 USD total 91 USD,0
Electricity bill this month 80 USD total 16 USD,2
Gas bill cooking 30 USD total 42 USD,2
Movie ticket cinema 15 USD | KTV room 2 hours 50 USD | Dinner at fancy restaurant 120 USD total 114 USD,3
Subway fare 3 USD | Bus ticket to city center 5 USD | Taxi from home to office 20 USD total 78 USD,1
bread 2 USD | eggs 4 USD total 142 USD,0
Electricity bill this month 80 USD | Gas bill cooking 30 USD | Phone bill 40 USD total 110 USD,2
KTV room 2 hours 50 USD | Movie ticket cinema 15 USD total 114 USD,3
Electricity bill this month 80 USD total 41 USD,2
Water bill 50 USD | Gas bill cooking 30 USD total 37 USD,2
Electricity bill this month 80 USD total 32 USD,2
Phone bill 40 USD total 18 USD,2
Taxi from home to office 20 USD | Bus ticket to city center 5 USD total 21 USD,1
Starbucks coffee 5 USD total 133 USD,4
Water bill 50 USD | Phone bill 40 USD | Internet monthly 60 USD total 33 USD,2
milk 3 USD | pasta 3 USD total 51 USD,0
eggs 4 USD | pasta 3 USD | soap 3 USD total 5 USD,0
Pizza slice 4 USD total 9 USD,4
bananas 2 USD | rice 6 USD total 55 USD,0
Gas station fill-up 40 USD | Taxi from home to office 20 USD total 49 USD,1
Electricity bill this month 80 USD | Water bill 50 USD | Phone bill 40 USD total 120 USD,2
toilet paper 5 USD total 70 USD,0
yogurt 4 USD | shampoo 9 USD total 86 USD,0
Water bill 50 USD | Trash collection fee 20 USD total 8 USD,2
Pizza slice 4 USD | Sushi roll 15 USD total 5 USD,4
bananas 2 USD | eggs 4 USD | milk 3 USD total 120 USD,0
Theme park entry 60 USD total 23 USD,3
eggs 4 USD total 119 USD,0
Theme park entry 60 USD | KTV room 2 hours 50 USD total 130 USD,3
Subway fare 3 USD total 33 USD,1
Sushi roll 15 USD total 35 USD,4
Beer at bar 6 USD | Pizza slice 4 USD | Sushi roll 15 USD total 97 USD,4
Beer at bar 6 USD total 23 USD,4
Subway fare 3 USD total 29 USD,1
pasta 3 USD | soap 3 USD total 26 USD,0
Broadway show 80 USD | Theme park entry 60 USD | Concert tickets arena 100 USD total 60 USD,3
Concert tickets arena 100 USD total 125 USD,3
Subway fare 3 USD | Bus ticket to city center 5 USD total 49 USD,1
Uber ride airport 50 USD total 109 USD,1
Electricity bill this month 80 USD total 110 USD,2
Concert tickets arena 100 USD | Movie ticket cinema 15 USD total 8 USD,3
cheese 7 USD | pasta 3 USD | bananas 2 USD total 61 USD,0
Broadway show 80 USD total 86 USD,3
Tea at cafe 3 USD | Beer at bar 6 USD | Starbucks coffee 5 USD total 128 USD,4
Trash collection fee 20 USD | Electricity bill this month 80 USD | Water bill 50 USD total 131 USD,2
Water bill 50 USD | Gas bill cooking 30 USD total 143 USD,2
McDonalds Big Mac meal 10 USD | Sushi roll 15 USD total 34 USD,4
rice 6 USD | yogurt 4 USD | shampoo 9 USD total 56 USD,0
Dinner at fancy restaurant 120 USD | Movie ticket cinema 15 USD total 138 USD,3
pasta 3 USD | shampoo 9 USD | yogurt 4 USD total 140 USD,0
Concert tickets arena 100 USD total 111 USD,3
Tea at cafe 3 USD total 13 USD,4
Broadway show 80 USD total 60 USD,3
Parking fee mall lot 10 USD | Bus ticket to city center 5 USD | Gas station fill-up 40 USD total 86 USD,1
Theme park entry 60 USD | Concert tickets arena 100 USD | KTV room 2 hours 50 USD total 43 USD,3
Broadway show 80 USD | KTV room 2 hours 50 USD total 142 USD,3
pasta 3 USD | detergent 8 USD | bananas 2 USD total 149 USD,0
Gas bill cooking 30 USD | Internet monthly 60 USD | Water bill 50 USD total 88 USD,2
Gas bill cooking 30 USD | Trash collection fee 20 USD total 33 USD,2
Water bill 50 USD | Trash collection fee 20 USD | Gas bill cooking 30 USD total 45 USD,2
Bus ticket to city center 5 USD | Uber ride airport 50 USD total 60 USD,1
Electricity bill this month 80 USD | Internet monthly 60 USD total 17 USD,2
milk 3 USD | rice 6 USD total 137 USD,0
Phone bill 40 USD | Water bill 50 USD | Electricity bill this month 80 USD total 110 USD,2
Movie ticket cinema 15 USD total 33 USD,3
bananas 2 USD total 142 USD,0
Starbucks coffee 5 USD | Pizza slice 4 USD total 47 USD,4
Internet monthly 60 USD | Electricity bill this month 80 USD | Phone bill 40 USD total 80 USD,2
Dinner at fancy restaurant 120 USD total 50 USD,3
Gas bill cooking 30 USD | Water bill 50 USD | Trash collection fee 20 USD total 98 USD,2
bread 2 USD | toilet paper 5 USD | bananas 2 USD total 87 USD,0
Phone bill 40 USD | Water bill 50 USD total 135 USD,2
yogurt 4 USD | toilet paper 5 USD | pasta 3 USD total 12 USD,0
bread 2 USD | bananas 2 USD total 35 USD,0
KTV room 2 hours 50 USD total 87 USD,3
Phone bill 40 USD | Water bill 50 USD total 72 USD,2
Pizza slice 4 USD | Starbucks coffee 5 USD | Beer at bar 6 USD total 120 USD,4
Theme park entry 60 USD | KTV room 2 hours 50 USD total 131 USD,3
Uber ride airport 50 USD | Taxi from home to office 20 USD | Gas station fill-up 40 USD total 120 USD,1
Theme park entry 60 USD | Movie ticket cinema 15 USD total 10 USD,3
KTV room 2 hours 50 USD | Movie ticket cinema 15 USD total 123 USD,3
Broadway show 80 USD | KTV room 2 hours 50 USD | Movie ticket cinema 15 USD total 145 USD,3
pasta 3 USD | milk 3 USD | eggs 4 USD total 86 USD,0
Bus ticket to city center 5 USD | Taxi from home to office 20 USD total 111 USD,1
Theme park entry 60 USD | Concert tickets arena 100 USD total 118 USD,3
Concert tickets arena 100 USD | Dinner at fancy restaurant 120 USD total 132 USD,3
Bus ticket to city center 5 USD | Subway fare 3 USD | Bike rental 8 USD total 48 USD,1
Broadway show 80 USD | Dinner at fancy restaurant 120 USD total 17 USD,3
Theme park entry 60 USD | KTV room 2 hours 50 USD total 71 USD,3
Tea at cafe 3 USD | Pizza slice 4 USD total 123 USD,4
Water bill 50 USD | Phone bill 40 USD | Internet monthly 60 USD total 42 USD,2
bread 2 USD total 77 USD,0
milk 3 USD | toilet paper 5 USD | soap 3 USD total 69 USD,0
KTV room 2 hours 50 USD | Movie ticket cinema 15 USD total 94 USD,3
Water bill 50 USD | Gas bill cooking 30 USD total 32 USD,2
detergent 8 USD total 70 USD,0
Internet monthly 60 USD total 119 USD,2
KTV room 2 hours 50 USD | Concert tickets arena 100 USD | Dinner at fancy restaurant 120 USD total 32 USD,3
bananas 2 USD | bread 2 USD | milk 3 USD total 118 USD,0
pasta 3 USD total 30 USD,0
Electricity bill this month 80 USD | Gas bill cooking 30 USD | Trash collection fee 20 USD total 16 USD,2
yogurt 4 USD | soap 3 USD | bananas 2 USD total 53 USD,0
Phone bill 40 USD | Gas bill cooking 30 USD | Trash collection fee 20 USD total 104 USD,2
bread 2 USD total 103 USD,0
Subway fare 3 USD | Taxi from home to office 20 USD | Gas station fill-up 40 USD total 20 USD,1
Broadway show 80 USD | Concert tickets arena 100 USD | Dinner at fancy restaurant 120 USD total 49 USD,3
Concert tickets arena 100 USD | Broadway show 80 USD | Movie ticket cinema 15 USD total 110 USD,3
Pizza slice 4 USD | Burger and fries 12 USD | McDonalds Big Mac meal 10 USD total 50 USD,4
Dinner at fancy restaurant 120 USD | Concert tickets arena 100 USD total 52 USD,3
Bike rental 8 USD | Parking fee mall lot 10 USD total 87 USD,1
Bike rental 8 USD | Gas station fill-up 40 USD | Bus ticket to city center 5 USD total 95 USD,1
Sushi roll 15 USD total 94 USD,4
rice 6 USD total 57 USD,0
KTV room 2 hours 50 USD | Concert tickets arena 100 USD total 144 USD,3
Gas station fill-up 40 USD | Bus ticket to city center 5 USD | Bike rental 8 USD total 124 USD,1
bread 2 USD total 81 USD,0
Broadway show 80 USD | Movie ticket cinema 15 USD | KTV room 2 hours 50 USD total 50 USD,3
Burger and fries 12 USD | Starbucks coffee 5 USD | Pizza slice 4 USD total 131 USD,4
cheese 7 USD total 32 USD,0
bread 2 USD | toilet paper 5 USD total 24 USD,0
Dinner at fancy restaurant 120 USD | Theme park entry 60 USD | KTV room 2 hours 50 USD total 47 USD,3
Internet monthly 60 USD total 16 USD,2
Phone bill 40 USD | Electricity bill this month 80 USD | Internet monthly 60 USD total 128 USD,2
Broadway show 80 USD | KTV room 2 hours 50 USD | Theme park entry 60 USD total 73 USD,3
Electricity bill this month 80 USD total 12 USD,2
Beer at bar 6 USD | Sushi roll 15 USD | Starbucks coffee 5 USD total 44 USD,4
Movie ticket cinema 15 USD | Concert tickets arena 100 USD total 53 USD,3
cheese 7 USD | pasta 3 USD total 128 USD,0
Internet monthly 60 USD | Gas bill cooking 30 USD total 148 USD,2
shampoo 9 USD | yogurt 4 USD total 115 USD,0
Beer at bar 6 USD | Sushi roll 15 USD total 116 USD,4
Trash collection fee 20 USD | Water bill 50 USD | Gas bill cooking 30 USD total 70 USD,2
Internet monthly 60 USD | Electricity bill this month 80 USD | Water bill 50 USD total 48 USD,2
Broadway show 80 USD total 11 USD,3
Gas station fill-up 40 USD | Uber ride airport 50 USD total 113 USD,1
Pizza slice 4 USD | McDonalds Big Mac meal 10 USD | Starbucks coffee 5 USD total 147 USD,4
Water bill 50 USD | Electricity bill this month 80 USD total 50 USD,2
apples 5 USD | toilet paper 5 USD total 135 USD,0
Taxi from home to office 20 USD total 62 USD,1
Electricity bill this month 80 USD | Gas bill cooking 30 USD total 100 USD,2
Sushi roll 15 USD | Burger and fries 12 USD | Tea at cafe 3 USD total 105 USD,4
Internet monthly 60 USD | Water bill 50 USD total 55 USD,2
Dinner at fancy restaurant 120 USD | Theme park entry 60 USD total 32 USD,3
Theme park entry 60 USD | Dinner at fancy restaurant 120 USD | Movie ticket cinema 15 USD total 71 USD,3
Bike rental 8 USD | Train ticket downtown 15 USD | Gas station fill-up 40 USD total 36 USD,1
Pizza slice 4 USD | Starbucks coffee 5 USD | Burger and fries 12 USD total 113 USD,4
Starbucks coffee 5 USD | Sushi roll 15 USD | Tea at cafe 3 USD total 64 USD,4
detergent 8 USD total 45 USD,0
Taxi from home to office 20 USD total 36 USD,1
Train ticket downtown 15 USD | Subway fare 3 USD total 53 USD,1
Electricity bill this month 80 USD | Water bill 50 USD | Internet monthly 60 USD total 31 USD,2
Internet monthly 60 USD | Gas bill cooking 30 USD | Water bill 50 USD total 9 USD,2
Gas bill cooking 30 USD total 113 USD,2
Electricity bill this month 80 USD total 111 USD,2
Internet monthly 60 USD | Electricity bill this month 80 USD total 127 USD,2
Phone bill 40 USD | Internet monthly 60 USD | Electricity bill this month 80 USD total 99 USD,2
Concert tickets arena 100 USD | Movie ticket cinema 15 USD | Dinner at fancy restaurant 120 USD total 55 USD,3
eggs 4 USD | yogurt 4 USD total 75 USD,0
Subway fare 3 USD | Gas station fill-up 40 USD | Parking fee mall lot 10 USD total 61 USD,1
Train ticket downtown 15 USD | Subway fare 3 USD | Gas station fill-up 40 USD total 143 USD,1
Pizza slice 4 USD total 114 USD,4
Theme park entry 60 USD | Broadway show 80 USD total 30 USD,3
Broadway show 80 USD | Concert tickets arena 100 USD total 49 USD,3
Movie ticket cinema 15 USD | Broadway show 80 USD | Theme park entry 60 USD total 70 USD,3
Concert tickets arena 100 USD | Movie ticket cinema 15 USD | Dinner at fancy restaurant 120 USD total 68 USD,3
Gas bill cooking 30 USD total 143 USD,2
Concert tickets arena 100 USD | Movie ticket cinema 15 USD total 140 USD,3
Uber ride airport 50 USD | Taxi from home to office 20 USD total 143 USD,1
Parking fee mall lot 10 USD total 116 USD,1
shampoo 9 USD | pasta 3 USD total 124 USD,0
Taxi from home to office 20 USD | Gas station fill-up 40 USD total 22 USD,1
Beer at bar 6 USD | Burger and fries 12 USD | Starbucks coffee 5 USD total 29 USD,4
yogurt 4 USD | shampoo 9 USD | bananas 2 USD total 118 USD,0
Concert tickets arena 100 USD | Movie ticket cinema 15 USD | KTV room 2 hours 50 USD total 29 USD,3
Gas station fill-up 40 USD total 102 USD,1
Tea at cafe 3 USD | Sushi roll 15 USD total 130 USD,4
Gas bill cooking 30 USD | Electricity bill this month 80 USD | Water bill 50 USD total 14 USD,2
Bike rental 8 USD total 54 USD,1
Parking fee mall lot 10 USD total 102 USD,1
Sushi roll 15 USD | Tea at cafe 3 USD total 76 USD,4
Burger and fries 12 USD | Pizza slice 4 USD | Sushi roll 15 USD total 37 USD,4
Sushi roll 15 USD | McDonalds Big Mac meal 10 USD | Pizza slice 4 USD total 59 USD,4
Theme park entry 60 USD total 19 USD,3
Gas station fill-up 40 USD | Bus ticket to city center 5 USD total 88 USD,1
Gas bill cooking 30 USD | Phone bill 40 USD | Electricity bill this month 80 USD total 79 USD,2
Tea at cafe 3 USD total 106 USD,4
Gas bill cooking 30 USD | Internet monthly 60 USD | Electricity bill this month 80 USD total 84 USD,2
Dinner at fancy restaurant 120 USD total 80 USD,3
shampoo 9 USD | bread 2 USD total 22 USD,0
Phone bill 40 USD | Electricity bill this month 80 USD | Trash collection fee 20 USD total 78 USD,2
McDonalds Big Mac meal 10 USD | Starbucks coffee 5 USD total 51 USD,4
detergent 8 USD total 54 USD,0
apples 5 USD | eggs 4 USD total 49 USD,0
Bike rental 8 USD | Parking fee mall lot 10 USD | Gas station fill-up 40 USD total 63 USD,1
Train ticket downtown 15 USD | Gas station fill-up 40 USD total 66 USD,1
Uber ride airport 50 USD | Parking fee mall lot 10 USD total 124 USD,1
KTV room 2 hours 50 USD | Dinner at fancy restaurant 120 USD | Movie ticket cinema 15 USD total 125 USD,3
Taxi from home to office 20 USD | Bus ticket to city center 5 USD total 24 USD,1
bread 2 USD | chicken 10 USD | pasta 3 USD total 79 USD,0
bananas 2 USD | milk 3 USD | shampoo 9 USD total 46 USD,0
milk 3 USD | bread 2 USD | pasta 3 USD total 129 USD,0
bread 2 USD | eggs 4 USD total 36 USD,0
Internet monthly 60 USD total 128 USD,2
Train ticket downtown 15 USD total 22 USD,1
Movie ticket cinema 15 USD total 115 USD,3
milk 3 USD | rice 6 USD | cheese 7 USD total 93 USD,0
Parking fee mall lot 10 USD | Train ticket downtown 15 USD total 20 USD,1
Theme park entry 60 USD | Concert tickets arena 100 USD total 149 USD,3
eggs 4 USD | chicken 10 USD total 71 USD,0
Electricity bill this month 80 USD | Water bill 50 USD total 61 USD,2
shampoo 9 USD total 126 USD,0
Water bill 50 USD total 38 USD,2
Theme park entry 60 USD total 130 USD,3
Internet monthly 60 USD total 13 USD,2
Bus ticket to city center 5 USD | Bike rental 8 USD total 146 USD,1
bananas 2 USD | rice 6 USD total 50 USD,0
Dinner at fancy restaurant 120 USD total 113 USD,3
toilet paper 5 USD total 45 USD,0
KTV room 2 hours 50 USD | Concert tickets arena 100 USD | Dinner at fancy restaurant 120 USD total 13 USD,3
Uber ride airport 50 USD | Bus ticket to city center 5 USD | Bike rental 8 USD total 34 USD,1
rice 6 USD | detergent 8 USD total 56 USD,0
toilet paper 5 USD | eggs 4 USD total 41 USD,0
detergent 8 USD total 35 USD,0
Movie ticket cinema 15 USD | Broadway show 80 USD | Theme park entry 60 USD total 90 USD,3
Beer at bar 6 USD | Sushi roll 15 USD total 149 USD,4
Pizza slice 4 USD total 126 USD,4
soap 3 USD | pasta 3 USD | bananas 2 USD total 79 USD,0
Burger and fries 12 USD total 42 USD,4
McDonalds Big Mac meal 10 USD | Sushi roll 15 USD total 133 USD,4
Burger and fries 12 USD | Tea at cafe 3 USD | Pizza slice 4 USD total 35 USD,4
Taxi from home to office 20 USD | Gas station fill-up 40 USD total 15 USD,1
eggs 4 USD total 9 USD,0
Broadway show 80 USD total 65 USD,3
Broadway show 80 USD | Concert tickets arena 100 USD total 80 USD,3
Water bill 50 USD | Gas bill cooking 30 USD | Electricity bill this month 80 USD total 12 USD,2
Concert tickets arena 100 USD | Movie ticket cinema 15 USD total 50 USD,3
Dinner at fancy restaurant 120 USD | Broadway show 80 USD | Theme park entry 60 USD total 19 USD,3
Beer at bar 6 USD | Pizza slice 4 USD total 93 USD,4
Concert tickets arena 100 USD | Movie ticket cinema 15 USD | Dinner at fancy restaurant 120 USD total 101 USD,3
Theme park entry 60 USD | Movie ticket cinema 15 USD total 20 USD,3
Starbucks coffee 5 USD total 80 USD,4
Parking fee mall lot 10 USD | Subway fare 3 USD total 73 USD,1
Uber ride airport 50 USD | Taxi from home to office 20 USD | Bike rental 8 USD total 81 USD,1
Movie ticket cinema 15 USD | Broadway show 80 USD total 46 USD,3
Trash collection fee 20 USD | Water bill 50 USD total 78 USD,2
Phone bill 40 USD total 88 USD,2
Phone bill 40 USD | Trash collection fee 20 USD | Electricity bill this month 80 USD total 70 USD,2
Starbucks coffee 5 USD total 104 USD,4
Bus ticket to city center 5 USD total 108 USD,1
McDonalds Big Mac meal 10 USD | Beer at bar 6 USD | Pizza slice 4 USD total 106 USD,4
Electricity bill this month 80 USD | Trash collection fee 20 USD | Internet monthly 60 USD total 73 USD,2
Taxi from home to office 20 USD total 71 USD,1
Sushi roll 15 USD | Beer at bar 6 USD total 123 USD,4
Dinner at fancy restaurant 120 USD | Broadway show 80 USD | KTV room 2 hours 50 USD total 143 USD,3
Bike rental 8 USD total 101 USD,1
Train ticket downtown 15 USD total 106 USD,1
Water bill 50 USD | Gas bill cooking 30 USD | Electricity bill this month 80 USD total 33 USD,2
shampoo 9 USD | eggs 4 USD | toilet paper 5 USD total 40 USD,0
Train ticket downtown 15 USD | Subway fare 3 USD | Parking fee mall lot 10 USD total 28 USD,1
Pizza slice 4 USD total 57 USD,4
Water bill 50 USD | Gas bill cooking 30 USD total 124 USD,2
bread 2 USD | yogurt 4 USD | apples 5 USD total 73 USD,0
Burger and fries 12 USD total 140 USD,4
rice 6 USD total 14 USD,0
Beer at bar 6 USD | Pizza slice 4 USD total 115 USD,4
Electricity bill this month 80 USD total 64 USD,2
Phone bill 40 USD | Trash collection fee 20 USD total 83 USD,2
pasta 3 USD | milk 3 USD total 23 USD,0
Concert tickets arena 100 USD total 51 USD,3
Pizza slice 4 USD total 61 USD,4
Water bill 50 USD | Phone bill 40 USD total 17 USD,2
Internet monthly 60 USD total 143 USD,2
Burger and fries 12 USD | Pizza slice 4 USD | McDonalds Big Mac meal 10 USD total 74 USD,4
milk 3 USD | shampoo 9 USD total 44 USD,0
Trash collection fee 20 USD total 11 USD,2
Theme park entry 60 USD | Dinner at fancy restaurant 120 USD total 124 USD,3
Sushi roll 15 USD | Beer at bar 6 USD | McDonalds Big Mac meal 10 USD total 20 USD,4
Pizza slice 4 USD | McDonalds Big Mac meal 10 USD total 91 USD,4
Subway fare 3 USD | Bike rental 8 USD total 83 USD,1
Dinner at fancy restaurant 120 USD | Theme park entry 60 USD | KTV room 2 hours 50 USD total 114 USD,3
Train ticket downtown 15 USD | Bus ticket to city center 5 USD | Subway fare 3 USD total 80 USD,1
Phone bill 40 USD | Gas bill cooking 30 USD | Internet monthly 60 USD total 87 USD,2
KTV room 2 hours 50 USD | Dinner at fancy restaurant 120 USD | Theme park entry 60 USD total 19 USD,3
yogurt 4 USD | shampoo 9 USD | detergent 8 USD total 49 USD,0
Dinner at fancy restaurant 120 USD total 8 USD,3
Theme park entry 60 USD total 50 USD,3
Electricity bill this month 80 USD total 141 USD,2
Tea at cafe 3 USD total 125 USD,4
Gas station fill-up 40 USD | Parking fee mall lot 10 USD | Taxi from home to office 20 USD total 106 USD,1
Parking fee mall lot 10 USD total 35 USD,1
Gas station fill-up 40 USD total 56 USD,1
toilet paper 5 USD total 76 USD,0
McDonalds Big Mac meal 10 USD total 48 USD,4
KTV room 2 hours 50 USD | Broadway show 80 USD total 96 USD,3
Gas bill cooking 30 USD | Phone bill 40 USD | Electricity bill this month 80 USD total 37 USD,2
Phone bill 40 USD | Internet monthly 60 USD total 68 USD,2
bread 2 USD | cheese 7 USD | toilet paper 5 USD total 143 USD,0
KTV room 2 hours 50 USD | Theme park entry 60 USD total 22 USD,3
Water bill 50 USD total 84 USD,2
Pizza slice 4 USD | Beer at bar 6 USD total 41 USD,4
Starbucks coffee 5 USD | Burger and fries 12 USD total 32 USD,4
shampoo 9 USD total 59 USD,0
Beer at bar 6 USD total 16 USD,4
Water bill 50 USD total 124 USD,2
Burger and fries 12 USD total 135 USD,4
Bus ticket to city center 5 USD | Train ticket downtown 15 USD total 119 USD,1
Beer at bar 6 USD | Burger and fries 12 USD total 60 USD,4
Tea at cafe 3 USD | Starbucks coffee 5 USD total 41 USD,4
chicken 10 USD total 146 USD,0
Pizza slice 4 USD | Sushi roll 15 USD total 35 USD,4
Broadway show 80 USD | Dinner at fancy restaurant 120 USD total 57 USD,3
shampoo 9 USD | chicken 10 USD | detergent 8 USD total 84 USD,0
Electricity bill this month 80 USD total 11 USD,2
Concert tickets arena 100 USD total 62 USD,3
Tea at cafe 3 USD | Pizza slice 4 USD | Burger and fries 12 USD total 79 USD,4
bread 2 USD | detergent 8 USD | cheese 7 USD total 5 USD,0
Gas station fill-up 40 USD total 64 USD,1
Parking fee mall lot 10 USD | Uber ride airport 50 USD | Train ticket downtown 15 USD total 112 USD,1
Water bill 50 USD | Internet monthly 60 USD total 21 USD,2
cheese 7 USD total 39 USD,0
KTV room 2 hours 50 USD | Movie ticket cinema 15 USD total 98 USD,3
Electricity bill this month 80 USD total 142 USD,2
Broadway show 80 USD total 99 USD,3
Sushi roll 15 USD total 81 USD,4
eggs 4 USD | yogurt 4 USD total 86 USD,0
yogurt 4 USD | apples 5 USD total 55 USD,0
Theme park entry 60 USD total 9 USD,3
Internet monthly 60 USD total 83 USD,2
Trash collection fee 20 USD total 56 USD,2
Movie ticket cinema 15 USD | Broadway show 80 USD total 37 USD,3
Sushi roll 15 USD | Starbucks coffee 5 USD total 128 USD,4
Sushi roll 15 USD total 34 USD,4
Phone bill 40 USD | Electricity bill this month 80 USD | Internet monthly 60 USD total 128 USD,2
chicken 10 USD total 78 USD,0
Taxi from home to office 20 USD | Train ticket downtown 15 USD | Bus ticket to city center 5 USD total 103 USD,1
detergent 8 USD | pasta 3 USD | bananas 2 USD total 72 USD,0
milk 3 USD total 22 USD,0
Movie ticket cinema 15 USD | Broadway show 80 USD | Theme park entry 60 USD total 47 USD,3
Trash collection fee 20 USD | Gas bill cooking 30 USD total 100 USD,2
KTV room 2 hours 50 USD | Movie ticket cinema 15 USD | Dinner at fancy restaurant 120 USD total 24 USD,3
cheese 7 USD | bananas 2 USD total 122 USD,0
Electricity bill this month 80 USD total 139 USD,2
Trash collection fee 20 USD | Gas bill cooking 30 USD | Water bill 50 USD total 121 USD,2
Internet monthly 60 USD total 40 USD,2
Tea at cafe 3 USD total 125 USD,4
KTV room 2 hours 50 USD | Movie ticket cinema 15 USD total 144 USD,3
KTV room 2 hours 50 USD | Movie ticket cinema 15 USD | Concert tickets arena 100 USD total 102 USD,3
Concert tickets arena 100 USD total 70 USD,3
cheese 7 USD total 31 USD,0
Water bill 50 USD | Phone bill 40 USD total 127 USD,2
bananas 2 USD | chicken 10 USD total 110 USD,0
milk 3 USD total 56 USD,0
milk 3 USD | pasta 3 USD total 98 USD,0
bread 2 USD | eggs 4 USD total 116 USD,0
Water bill 50 USD | Electricity bill this month 80 USD | Phone bill 40 USD total 40 USD,2
Gas station fill-up 40 USD total 24 USD,1
Tea at cafe 3 USD total 109 USD,4
Gas bill cooking 30 USD | Electricity bill this month 80 USD | Internet monthly 60 USD total 148 USD,2
chicken 10 USD | apples 5 USD | shampoo 9 USD total 56 USD,0
Concert tickets arena 100 USD | KTV room 2 hours 50 USD total 96 USD,3
Subway fare 3 USD total 55 USD,1
McDonalds Big Mac meal 10 USD | Tea at cafe 3 USD | Sushi roll 15 USD total 40 USD,4
detergent 8 USD total 52 USD,0
Internet monthly 60 USD | Trash collection fee 20 USD | Gas bill cooking 30 USD total 70 USD,2
Phone bill 40 USD | Internet monthly 60 USD | Electricity bill this month 80 USD total 113 USD,2
Theme park entry 60 USD total 56 USD,3
pasta 3 USD | bread 2 USD | yogurt 4 USD total 69 USD,0
Train ticket downtown 15 USD | Bike rental 8 USD total 144 USD,1
KTV room 2 hours 50 USD total 73 USD,3
apples 5 USD | pasta 3 USD total 79 USD,0
Dinner at fancy restaurant 120 USD | Theme park entry 60 USD total 129 USD,3
Uber ride airport 50 USD | Parking fee mall lot 10 USD total 53 USD,1
Trash collection fee 20 USD | Electricity bill this month 80 USD | Internet monthly 60 USD total 88 USD,2
Gas station fill-up 40 USD total 69 USD,1
Concert tickets arena 100 USD total 9 USD,3
Sushi roll 15 USD | Beer at bar 6 USD | Tea at cafe 3 USD total 121 USD,4
bread 2 USD total 82 USD,0
Movie ticket cinema 15 USD | Theme park entry 60 USD | Broadway show 80 USD total 124 USD,3
Bus ticket to city center 5 USD total 135 USD,1
KTV room 2 hours 50 USD | Concert tickets arena 100 USD | Theme park entry 60 USD total 38 USD,3
chicken 10 USD | toilet paper 5 USD total 68 USD,0
Phone bill 40 USD | Water bill 50 USD total 45 USD,2
Phone bill 40 USD total 34 USD,2
Tea at cafe 3 USD | Sushi roll 15 USD total 13 USD,4
Trash collection fee 20 USD | Phone bill 40 USD | Gas bill cooking 30 USD total 83 USD,2
shampoo 9 USD | detergent 8 USD total 32 USD,0
eggs 4 USD | bananas 2 USD | apples 5 USD total 93 USD,0
Trash collection fee 20 USD | Phone bill 40 USD | Electricity bill this month 80 USD total 119 USD,2
Bus ticket to city center 5 USD | Gas station fill-up 40 USD total 24 USD,1
bread 2 USD | chicken 10 USD total 118 USD,0
Internet monthly 60 USD | Water bill 50 USD total 125 USD,2
Movie ticket cinema 15 USD | Broadway show 80 USD total 143 USD,3
Burger and fries 12 USD | Starbucks coffee 5 USD | Tea at cafe 3 USD total 13 USD,4
Trash collection fee 20 USD | Water bill 50 USD total 99 USD,2
McDonalds Big Mac meal 10 USD total 150 USD,4
soap 3 USD total 111 USD,0
Dinner at fancy restaurant 120 USD total 78 USD,3
Sushi roll 15 USD total 60 USD,4
Tea at cafe 3 USD | Pizza slice 4 USD total 79 USD,4
milk 3 USD | pasta 3 USD | bread 2 USD total 51 USD,0
Trash collection fee 20 USD | Gas bill cooking 30 USD | Internet monthly 60 USD total 51 USD,2
Beer at bar 6 USD total 45 USD,4
Pizza slice 4 USD | Starbucks coffee 5 USD total 116 USD,4
milk 3 USD | toilet paper 5 USD | bananas 2 USD total 50 USD,0
Movie ticket cinema 15 USD | Dinner at fancy restaurant 120 USD | Theme park entry 60 USD total 12 USD,3
Broadway show 80 USD | Concert tickets arena 100 USD total 21 USD,3
Train ticket downtown 15 USD | Parking fee mall lot 10 USD | Gas station fill-up 40 USD total 62 USD,1
Bus ticket to city center 5 USD total 11 USD,1
Broadway show 80 USD | Theme park entry 60 USD | Movie ticket cinema 15 USD total 18 USD,3
Trash collection fee 20 USD total 72 USD,2
McDonalds Big Mac meal 10 USD | Pizza slice 4 USD total 36 USD,4
Gas station fill-up 40 USD total 47 USD,1
yogurt 4 USD | cheese 7 USD | bread 2 USD total 42 USD,0
Pizza slice 4 USD total 140 USD,4
pasta 3 USD | eggs 4 USD | apples 5 USD total 55 USD,0
bread 2 USD | yogurt 4 USD | soap 3 USD total 25 USD,0
Dinner at fancy restaurant 120 USD | Movie ticket cinema 15 USD total 64 USD,3
Movie ticket cinema 15 USD total 76 USD,3
Bus ticket to city center 5 USD | Bike rental 8 USD total 70 USD,1
Gas bill cooking 30 USD total 52 USD,2
Beer at bar 6 USD total 101 USD,4
Internet monthly 60 USD | Electricity bill this month 80 USD | Gas bill cooking 30 USD total 62 USD,2
Movie ticket cinema 15 USD total 120 USD,3
Dinner at fancy restaurant 120 USD total 96 USD,3
Tea at cafe 3 USD total 43 USD,4
Theme park entry 60 USD total 6 USD,3
Dinner at fancy restaurant 120 USD total 19 USD,3
Train ticket downtown 15 USD total 7 USD,1
Starbucks coffee 5 USD | Pizza slice 4 USD | McDonalds Big Mac meal 10 USD total 51 USD,4
Tea at cafe 3 USD total 146 USD,4
Movie ticket cinema 15 USD | Dinner at fancy restaurant 120 USD total 6 USD,3
apples 5 USD total 126 USD,0
Concert tickets arena 100 USD | Theme park entry 60 USD total 62 USD,3
Uber ride airport 50 USD | Bike rental 8 USD total 111 USD,1
Uber ride airport 50 USD | Parking fee mall lot 10 USD total 75 USD,1
McDonalds Big Mac meal 10 USD total 14 USD,4
Gas station fill-up 40 USD | Taxi from home to office 20 USD | Bike rental 8 USD total 93 USD,1
Movie ticket cinema 15 USD total 32 USD,3
Broadway show 80 USD total 104 USD,3
McDonalds Big Mac meal 10 USD total 64 USD,4
Taxi from home to office 20 USD total 51 USD,1
Uber ride airport 50 USD | Gas station fill-up 40 USD | Train ticket downtown 15 USD total 7 USD,1
Tea at cafe 3 USD total 103 USD,4
Theme park entry 60 USD total 127 USD,3
bananas 2 USD | soap 3 USD | milk 3 USD total 68 USD,0
Concert tickets arena 100 USD total 53 USD,3
Movie ticket cinema 15 USD | Theme park entry 60 USD total 85 USD,3
Broadway show 80 USD total 116 USD,3
Beer at bar 6 USD | McDonalds Big Mac meal 10 USD total 29 USD,4
yogurt 4 USD total 58 USD,0
Phone bill 40 USD | Electricity bill this month 80 USD | Trash collection fee 20 USD total 102 USD,2
toilet paper 5 USD | bananas 2 USD total 83 USD,0
Bus ticket to city center 5 USD | Train ticket downtown 15 USD | Parking fee mall lot 10 USD total 68 USD,1
shampoo 9 USD | soap 3 USD | toilet paper 5 USD total 110 USD,0
Water bill 50 USD | Internet monthly 60 USD total 113 USD,2
Pizza slice 4 USD | Tea at cafe 3 USD | McDonalds Big Mac meal 10 USD total 10 USD,4
rice 6 USD total 113 USD,0
milk 3 USD | shampoo 9 USD total 8 USD,0
Uber ride airport 50 USD | Subway fare 3 USD total 102 USD,1
Starbucks coffee 5 USD | Sushi roll 15 USD total 65 USD,4
Internet monthly 60 USD total 119 USD,2
Movie ticket cinema 15 USD total 106 USD,3
McDonalds Big Mac meal 10 USD | Pizza slice 4 USD | Tea at cafe 3 USD total 131 USD,4
Train ticket downtown 15 USD | Gas station fill-up 40 USD | Bus ticket to city center 5 USD total 114 USD,1
Uber ride airport 50 USD | Train ticket downtown 15 USD | Bike rental 8 USD total 68 USD,1
Gas station fill-up 40 USD | Subway fare 3 USD | Uber ride airport 50 USD total 39 USD,1
Concert tickets arena 100 USD | Broadway show 80 USD total 12 USD,3
Concert tickets arena 100 USD total 69 USD,3
soap 3 USD | pasta 3 USD | shampoo 9 USD total 145 USD,0
Taxi from home to office 20 USD | Gas station fill-up 40 USD | Parking fee mall lot 10 USD total 118 USD,1
Bike rental 8 USD | Gas station fill-up 40 USD total 52 USD,1
detergent 8 USD | rice 6 USD total 47 USD,0
detergent 8 USD | bread 2 USD total 50 USD,0
Burger and fries 12 USD total 137 USD,4
soap 3 USD | apples 5 USD total 21 USD,0
chicken 10 USD | rice 6 USD | soap 3 USD total 19 USD,0
Taxi from home to office 20 USD | Subway fare 3 USD | Bike rental 8 USD total 148 USD,1
Tea at cafe 3 USD | McDonalds Big Mac meal 10 USD total 143 USD,4
Internet monthly 60 USD | Phone bill 40 USD | Trash collection fee 20 USD total 75 USD,2
Subway fare 3 USD total 133 USD,1
Pizza slice 4 USD | Tea at cafe 3 USD total 148 USD,4
Water bill 50 USD total 33 USD,2
apples 5 USD | cheese 7 USD total 49 USD,0
KTV room 2 hours 50 USD total 138 USD,3
Starbucks coffee 5 USD | McDonalds Big Mac meal 10 USD total 52 USD,4
Bus ticket to city center 5 USD | Uber ride airport 50 USD | Bike rental 8 USD total 126 USD,1
Tea at cafe 3 USD | Beer at bar 6 USD | Burger and fries 12 USD total 113 USD,4
Phone bill 40 USD | Trash collection fee 20 USD total 21 USD,2
apples 5 USD | chicken 10 USD | eggs 4 USD total 65 USD,0
Dinner at fancy restaurant 120 USD | Broadway show 80 USD total 112 USD,3
Broadway show 80 USD | Theme park entry 60 USD total 139 USD,3
Train ticket downtown 15 USD | Uber ride airport 50 USD total 105 USD,1
Gas station fill-up 40 USD | Taxi from home to office 20 USD total 68 USD,1
bananas 2 USD total 17 USD,0
bread 2 USD total 31 USD,0
pasta 3 USD | cheese 7 USD total 70 USD,0
Trash collection fee 20 USD | Water bill 50 USD total 110 USD,2
Broadway show 80 USD total 21 USD,3
Water bill 50 USD | Phone bill 40 USD total 80 USD,2
Internet monthly 60 USD total 16 USD,2
Movie ticket cinema 15 USD | KTV room 2 hours 50 USD total 17 USD,3
Taxi from home to office 20 USD total 22 USD,1
Internet monthly 60 USD | Electricity bill this month 80 USD | Trash collection fee 20 USD total 148 USD,2
Theme park entry 60 USD | Movie ticket cinema 15 USD | Broadway show 80 USD total 135 USD,3
Bike rental 8 USD | Parking fee mall lot 10 USD | Taxi from home to office 20 USD total 41 USD,1
Concert tickets arena 100 USD | KTV room 2 hours 50 USD total 57 USD,3
Parking fee mall lot 10 USD total 30 USD,1
apples 5 USD total 35 USD,0
Concert tickets arena 100 USD total 8 USD,3
pasta 3 USD | chicken 10 USD | soap 3 USD total 111 USD,0
bananas 2 USD total 36 USD,0
Beer at bar 6 USD | Sushi roll 15 USD | Burger and fries 12 USD total 20 USD,4
Water bill 50 USD | Electricity bill this month 80 USD total 74 USD,2
Movie ticket cinema 15 USD total 33 USD,3
Internet monthly 60 USD | Trash collection fee 20 USD total 68 USD,2
Tea at cafe 3 USD total 141 USD,4
Dinner at fancy restaurant 120 USD total 86 USD,3
Broadway show 80 USD total 54 USD,3
bread 2 USD | yogurt 4 USD | rice 6 USD total 42 USD,0
Dinner at fancy restaurant 120 USD total 95 USD,3
Gas bill cooking 30 USD | Internet monthly 60 USD | Trash collection fee 20 USD total 112 USD,2
McDonalds Big Mac meal 10 USD | Beer at bar 6 USD total 115 USD,4
Tea at cafe 3 USD total 129 USD,4
Gas station fill-up 40 USD | Subway fare 3 USD total 46 USD,1